t,x_des,y_des,z_des,x_act,y_act,z_act
0,0,10,2,4,5,0
0.01,0.03,9.99996,2,4,5,0.000481722
0.02,0.0599996,9.99982,2,4,5,0.00192689
0.03,0.0899988,9.9996,2,3.99999,5.00001,0.00433548
0.04,0.119997,9.99928,2,3.99997,5.00003,0.00770746
0.05,0.149994,9.99888,2,3.99994,5.00006,0.0120426
0.06,0.17999,9.99838,2,3.99988,5.00012,0.0173255
0.07,0.209985,9.9978,2,3.99977,5.00023,0.0235112
0.08,0.239977,9.99712,2,3.99962,5.00038,0.0305519
0.09,0.269967,9.99636,2,3.99941,5.00059,0.0384017
0.1,0.299955,9.9955,2,3.99913,5.00087,0.0470167
0.11,0.32994,9.99456,2,3.99876,5.00124,0.0563544
0.12,0.359922,9.99352,2,3.99829,5.00171,0.0663742
0.13,0.389901,9.9924,2,3.99772,5.00228,0.0770369
0.14,0.419877,9.99118,2,3.99702,5.00299,0.0883049
0.15,0.449848,9.98988,2,3.99618,5.00383,0.100142
0.16,0.479816,9.98848,2,3.99519,5.00482,0.112514
0.17,0.509779,9.987,2,3.99404,5.00597,0.125387
0.18,0.539738,9.98542,2,3.99272,5.0073,0.138729
0.19,0.569691,9.98376,2,3.99121,5.00881,0.15251
0.2,0.59964,9.98201,2,3.9895,5.01052,0.1667
0.21,0.629583,9.98016,2,3.9876,5.01245,0.18127
0.22,0.659521,9.97823,2,3.98549,5.0146,0.196195
0.23,0.689453,9.9762,2,3.98318,5.01698,0.211447
0.24,0.719378,9.97409,2,3.98066,5.0196,0.227002
0.25,0.749297,9.97189,2,3.97796,5.02248,0.242836
0.26,0.779209,9.9696,2,3.97506,5.02562,0.258926
0.27,0.809115,9.96721,2,3.97198,5.02904,0.27525
0.28,0.839013,9.96474,2,3.96872,5.03273,0.291787
0.29,0.868903,9.96218,2,3.96531,5.03672,0.308518
0.3,0.898785,9.95953,2,3.96174,5.041,0.325423
0.31,0.92866,9.95679,2,3.95803,5.04559,0.342483
0.32,0.958526,9.95396,2,3.9542,5.0505,0.359681
0.33,0.988384,9.95104,2,3.95026,5.05572,0.377
0.34,1.01823,9.94803,2,3.94621,5.06126,0.394424
0.35,1.04807,9.94493,2,3.94208,5.06715,0.411938
0.36,1.0779,9.94174,2,3.93788,5.07337,0.429528
0.37,1.10772,9.93846,2,3.93362,5.07993,0.447178
0.38,1.13753,9.93509,2,3.92932,5.08685,0.464877
0.39,1.16733,9.93163,2,3.92498,5.09412,0.48261
0.4,1.19712,9.92809,2,3.92063,5.10175,0.500367
0.41,1.2269,9.92445,2,3.91628,5.10975,0.518136
0.42,1.25667,9.92072,2,3.91194,5.11812,0.535905
0.43,1.28643,9.91691,2,3.90763,5.12687,0.553664
0.44,1.31617,9.91301,2,3.90335,5.136,0.571404
0.45,1.3459,9.90901,2,3.89913,5.14551,0.589114
0.46,1.37562,9.90493,2,3.89497,5.15542,0.606786
0.47,1.40533,9.90076,2,3.89089,5.16572,0.624412
0.48,1.43503,9.8965,2,3.8869,5.17643,0.641983
0.49,1.46471,9.89215,2,3.88301,5.18753,0.659492
0.5,1.49438,9.88771,2,3.87924,5.19905,0.676932
0.51,1.52404,9.88318,2,3.8756,5.21098,0.694295
0.52,1.55368,9.87857,2,3.87209,5.22333,0.711576
0.53,1.58331,9.87386,2,3.86874,5.23609,0.728768
0.54,1.61292,9.86907,2,3.86554,5.24929,0.745865
0.55,1.64252,9.86418,2,3.86252,5.26291,0.762862
0.56,1.67211,9.85921,2,3.85969,5.27697,0.779755
0.57,1.70168,9.85415,2,3.85704,5.29147,0.796537
0.58,1.73123,9.849,2,3.8546,5.30641,0.813206
0.59,1.76077,9.84376,2,3.85238,5.3218,0.829756
0.6,1.7903,9.83844,2,3.85038,5.33764,0.846184
0.61,1.8198,9.83302,2,3.84862,5.35393,0.862486
0.62,1.84929,9.82752,2,3.84709,5.37068,0.878658
0.63,1.87877,9.82193,2,3.84583,5.3879,0.894698
0.64,1.90823,9.81625,2,3.84482,5.40558,0.910602
0.65,1.93767,9.81048,2,3.84408,5.42373,0.926369
0.66,1.96709,9.80462,2,3.84363,5.44235,0.941995
0.67,1.99649,9.79867,2,3.84346,5.46146,0.957477
0.68,2.02588,9.79264,2,3.84358,5.48104,0.972815
0.69,2.05525,9.78652,2,3.84401,5.50111,0.988006
0.7,2.0846,9.78031,2,3.84476,5.52167,1.00305
0.71,2.11393,9.77401,2,3.84582,5.54272,1.01794
0.72,2.14324,9.76763,2,3.8472,5.56427,1.03268
0.73,2.17254,9.76115,2,3.84893,5.58631,1.04727
0.74,2.20181,9.75459,2,3.85099,5.60886,1.0617
0.75,2.23106,9.74794,2,3.8534,5.63191,1.07598
0.76,2.2603,9.7412,2,3.85616,5.65547,1.0901
0.77,2.28951,9.73438,2,3.85929,5.67953,1.10407
0.78,2.3187,9.72747,2,3.86278,5.7041,1.11788
0.79,2.34788,9.72047,2,3.86664,5.72917,1.13153
0.8,2.37703,9.71338,2,3.87088,5.75475,1.14503
0.81,2.40616,9.7062,2,3.87551,5.78083,1.15837
0.82,2.43526,9.69894,2,3.88053,5.8074,1.17155
0.83,2.46435,9.69159,2,3.88594,5.83447,1.18457
0.84,2.49341,9.68416,2,3.89175,5.86203,1.19743
0.85,2.52245,9.67663,2,3.89797,5.89006,1.21014
0.86,2.55147,9.66902,2,3.9046,5.91857,1.22269
0.87,2.58047,9.66132,2,3.91164,5.94755,1.23508
0.88,2.60944,9.65354,2,3.91911,5.97697,1.24731
0.89,2.63839,9.64567,2,3.92699,6.00684,1.25939
0.9,2.66731,9.63771,2,3.93531,6.03714,1.27131
0.91,2.69622,9.62966,2,3.94405,6.06786,1.28308
0.92,2.72509,9.62153,2,3.95323,6.09899,1.2947
0.93,2.75394,9.61331,2,3.96285,6.1305,1.30616
0.94,2.78277,9.60501,2,3.97291,6.16238,1.31746
0.95,2.81157,9.59662,2,3.98342,6.19462,1.32862
0.96,2.84035,9.58814,2,3.99436,6.2272,1.33962
0.97,2.8691,9.57957,2,4.00576,6.2601,1.35047
0.98,2.89783,9.57092,2,4.01761,6.2933,1.36118
0.99,2.92653,9.56219,2,4.02991,6.32678,1.37174
1,2.9552,9.55336,2,4.04266,6.36053,1.38214
1.01,2.98385,9.54446,2,4.05587,6.39451,1.39241
1.02,3.01247,9.53546,2,4.06953,6.42872,1.40253
1.03,3.04106,9.52638,2,4.08365,6.46313,1.4125
1.04,3.06963,9.51722,2,4.09823,6.49772,1.42233
1.05,3.09816,9.50796,2,4.11327,6.53247,1.43202
1.06,3.12667,9.49863,2,4.12878,6.56736,1.44157
1.07,3.15516,9.4892,2,4.14474,6.60237,1.45098
1.08,3.18361,9.4797,2,4.16117,6.63749,1.46026
1.09,3.21203,9.4701,2,4.17806,6.67268,1.46939
1.1,3.24043,9.46042,2,4.19543,6.70794,1.47839
1.11,3.2688,9.45066,2,4.21326,6.74324,1.48726
1.12,3.29713,9.44081,2,4.23156,6.77856,1.496
1.13,3.32544,9.43088,2,4.25033,6.81389,1.5046
1.14,3.35372,9.42086,2,4.26957,6.8492,1.51308
1.15,3.38197,9.41075,2,4.28929,6.88448,1.52142
1.16,3.41018,9.40057,2,4.30948,6.9197,1.52964
1.17,3.43837,9.39029,2,4.33013,6.95485,1.53774
1.18,3.46653,9.37994,2,4.35124,6.98992,1.54571
1.19,3.49465,9.36949,2,4.3728,7.02488,1.55355
1.2,3.52274,9.35897,2,4.3948,7.05971,1.56128
1.21,3.5508,9.34836,2,4.41722,7.09441,1.56888
1.22,3.57883,9.33766,2,4.44005,7.12896,1.57637
1.23,3.60683,9.32688,2,4.46328,7.16333,1.58374
1.24,3.63479,9.31602,2,4.48689,7.19753,1.59099
1.25,3.66273,9.30508,2,4.51086,7.23152,1.59813
1.26,3.69062,9.29405,2,4.53517,7.2653,1.60516
1.27,3.71849,9.28293,2,4.55982,7.29886,1.61207
1.28,3.74632,9.27174,2,4.58477,7.33218,1.61888
1.29,3.77412,9.26045,2,4.61001,7.36525,1.62557
1.3,3.80188,9.24909,2,4.63553,7.39805,1.63216
1.31,3.82961,9.23764,2,4.66129,7.43059,1.63864
1.32,3.85731,9.22611,2,4.68729,7.46283,1.64502
1.33,3.88497,9.2145,2,4.7135,7.49478,1.6513
1.34,3.9126,9.2028,2,4.73991,7.52643,1.65747
1.35,3.94019,9.19102,2,4.76648,7.55775,1.66354
1.36,3.96774,9.17916,2,4.79322,7.58875,1.66951
1.37,3.99526,9.16722,2,4.82009,7.61941,1.67539
1.38,4.02275,9.15519,2,4.84708,7.64972,1.68117
1.39,4.05019,9.14308,2,4.87416,7.67967,1.68685
1.4,4.0776,9.13089,2,4.90133,7.70925,1.69244
1.41,4.10498,9.11862,2,4.92856,7.73846,1.69793
1.42,4.13232,9.10626,2,4.95582,7.76728,1.70334
1.43,4.15962,9.09382,2,4.98312,7.7957,1.70865
1.44,4.18688,9.0813,2,5.01042,7.82372,1.71388
1.45,4.2141,9.0687,2,5.03771,7.85133,1.71902
1.46,4.24129,9.05602,2,5.06497,7.87851,1.72407
1.47,4.26844,9.04325,2,5.09219,7.90526,1.72904
1.48,4.29555,9.03041,2,5.11935,7.93156,1.73392
1.49,4.32262,9.01748,2,5.14643,7.95743,1.73873
1.5,4.34966,9.00447,2,5.17341,7.98283,1.74345
1.51,4.37665,8.99138,2,5.20028,8.00777,1.74809
1.52,4.4036,8.97821,2,5.22703,8.03223,1.75265
1.53,4.43052,8.96496,2,5.25363,8.05621,1.75713
1.54,4.45739,8.95163,2,5.28008,8.07971,1.76154
1.55,4.48423,8.93822,2,5.30636,8.1027,1.76587
1.56,4.51102,8.92472,2,5.33245,8.12519,1.77013
1.57,4.53778,8.91115,2,5.35834,8.14717,1.77431
1.58,4.56449,8.8975,2,5.38402,8.16863,1.77842
1.59,4.59116,8.88376,2,5.40947,8.18956,1.78247
1.6,4.61779,8.86995,2,5.43468,8.20996,1.78644
1.61,4.64438,8.85606,2,5.45963,8.22982,1.79034
1.62,4.67093,8.84208,2,5.48432,8.24913,1.79418
1.63,4.69743,8.82803,2,5.50873,8.26789,1.79794
1.64,4.7239,8.8139,2,5.53285,8.28609,1.80165
1.65,4.75032,8.79969,2,5.55667,8.30372,1.80529
1.66,4.77669,8.7854,2,5.58018,8.32077,1.80886
1.67,4.80303,8.77103,2,5.60336,8.33725,1.81237
1.68,4.82932,8.75658,2,5.6262,8.35314,1.81582
1.69,4.85557,8.74205,2,5.6487,8.36845,1.81922
1.7,4.88177,8.72745,2,5.67085,8.38316,1.82255
1.71,4.90793,8.71276,2,5.69263,8.39727,1.82582
1.72,4.93405,8.698,2,5.71404,8.41077,1.82903
1.73,4.96012,8.68316,2,5.73507,8.42366,1.83219
1.74,4.98615,8.66824,2,5.7557,8.43594,1.83529
1.75,5.01213,8.65324,2,5.77594,8.4476,1.83834
1.76,5.03807,8.63816,2,5.79577,8.45864,1.84133
1.77,5.06396,8.62301,2,5.81518,8.46905,1.84427
1.78,5.08981,8.60778,2,5.83418,8.47883,1.84716
1.79,5.11561,8.59247,2,5.85274,8.48797,1.85
1.8,5.14136,8.57709,2,5.87087,8.49647,1.85278
1.81,5.16707,8.56162,2,5.88855,8.50433,1.85552
1.82,5.19273,8.54608,2,5.90579,8.51155,1.85821
1.83,5.21834,8.53047,2,5.92257,8.51812,1.86085
1.84,5.24391,8.51477,2,5.9389,8.52403,1.86344
1.85,5.26943,8.499,2,5.95478,8.5293,1.86598
1.86,5.29491,8.48316,2,5.9702,8.53391,1.86848
1.87,5.32033,8.46724,2,5.98516,8.53788,1.87094
1.88,5.34571,8.45124,2,5.99968,8.54119,1.87335
1.89,5.37104,8.43516,2,6.01376,8.54385,1.87572
1.9,5.39632,8.41901,2,6.0274,8.54586,1.87804
1.91,5.42155,8.40278,2,6.04061,8.54722,1.88032
1.92,5.44674,8.38648,2,6.05341,8.54795,1.88257
1.93,5.47187,8.3701,2,6.0658,8.54803,1.88477
1.94,5.49696,8.35365,2,6.07781,8.54747,1.88693
1.95,5.52199,8.33712,2,6.08944,8.54628,1.88905
1.96,5.54698,8.32052,2,6.10071,8.54446,1.89113
1.97,5.57192,8.30384,2,6.11163,8.54202,1.89318
1.98,5.5968,8.28709,2,6.12222,8.53895,1.89518
1.99,5.62164,8.27026,2,6.1325,8.53527,1.89716
2,5.64642,8.25336,2,6.1425,8.53098,1.89909
2.01,5.67116,8.23638,2,6.15221,8.52607,1.90099
2.02,5.69584,8.21933,2,6.16168,8.52057,1.90286
2.03,5.72048,8.2022,2,6.17091,8.51447,1.90469
2.04,5.74506,8.18501,2,6.17992,8.50777,1.90648
2.05,5.76959,8.16773,2,6.18875,8.50048,1.90825
2.06,5.79406,8.15039,2,6.19739,8.4926,1.90998
2.07,5.81849,8.13297,2,6.20589,8.48414,1.91168
2.08,5.84286,8.11548,2,6.21425,8.47511,1.91335
2.09,5.86718,8.09791,2,6.2225,8.46549,1.91499
2.1,5.89145,8.08028,2,6.23066,8.4553,1.9166
2.11,5.91566,8.06256,2,6.23874,8.44454,1.91818
2.12,5.93982,8.04478,2,6.24678,8.43321,1.91973
2.13,5.96393,8.02693,2,6.25478,8.42132,1.92125
2.14,5.98798,8.009,2,6.26277,8.40886,1.92274
2.15,6.01198,7.991,2,6.27076,8.39583,1.92421
2.16,6.03593,7.97293,2,6.27878,8.38225,1.92564
2.17,6.05982,7.95478,2,6.28685,8.36811,1.92706
2.18,6.08366,7.93657,2,6.29498,8.35341,1.92844
2.19,6.10744,7.91828,2,6.3032,8.33815,1.9298
2.2,6.13117,7.89992,2,6.31152,8.32234,1.93114
2.21,6.15484,7.88149,2,6.31995,8.30597,1.93245
2.22,6.17846,7.86299,2,6.32853,8.28905,1.93373
2.23,6.20202,7.84442,2,6.33726,8.27158,1.93499
2.24,6.22552,7.82578,2,6.34616,8.25357,1.93623
2.25,6.24897,7.80707,2,6.35525,8.23501,1.93745
2.26,6.27237,7.78829,2,6.36455,8.2159,1.93864
2.27,6.2957,7.76944,2,6.37406,8.19626,1.93981
2.28,6.31898,7.75051,2,6.38382,8.17608,1.94096
2.29,6.34221,7.73152,2,6.39382,8.15537,1.94208
2.3,6.36537,7.71246,2,6.4041,8.13413,1.94319
2.31,6.38848,7.69333,2,6.41466,8.11238,1.94427
2.32,6.41153,7.67413,2,6.42551,8.0901,1.94534
2.33,6.43453,7.65486,2,6.43667,8.06732,1.94638
2.34,6.45746,7.63552,2,6.44816,8.04404,1.94741
2.35,6.48034,7.61612,2,6.45999,8.02026,1.94841
2.36,6.50316,7.59664,2,6.47216,7.99599,1.9494
2.37,6.52592,7.5771,2,6.4847,7.97124,1.95037
2.38,6.54862,7.55748,2,6.4976,7.94603,1.95132
2.39,6.57126,7.5378,2,6.51089,7.92036,1.95225
2.4,6.59385,7.51806,2,6.52458,7.89423,1.95317
2.41,6.61637,7.49824,2,6.53866,7.86767,1.95407
2.42,6.63884,7.47836,2,6.55315,7.84068,1.95495
2.43,6.66124,7.45841,2,6.56806,7.81328,1.95581
2.44,6.68359,7.43839,2,6.5834,7.78547,1.95666
2.45,6.70587,7.41831,2,6.59916,7.75728,1.95749
2.46,6.7281,7.39816,2,6.61536,7.72871,1.95831
2.47,6.75026,7.37794,2,6.63201,7.69977,1.95911
2.48,6.77236,7.35766,2,6.64909,7.67049,1.95989
2.49,6.79441,7.3373,2,6.66663,7.64088,1.96066
2.5,6.81639,7.31689,2,6.68461,7.61095,1.96142
2.51,6.83831,7.29641,2,6.70305,7.58071,1.96216
2.52,6.86017,7.27586,2,6.72194,7.55019,1.96289
2.53,6.88196,7.25525,2,6.74128,7.5194,1.9636
2.54,6.9037,7.23457,2,6.76107,7.48835,1.96431
2.55,6.92537,7.21382,2,6.78131,7.45707,1.96499
2.56,6.94698,7.19302,2,6.80199,7.42556,1.96567
2.57,6.96853,7.17214,2,6.82311,7.39385,1.96633
2.58,6.99001,7.1512,2,6.84468,7.36196,1.96698
2.59,7.01144,7.1302,2,6.86667,7.32989,1.96761
2.6,7.03279,7.10914,2,6.88909,7.29767,1.96824
2.61,7.05409,7.08801,2,6.91193,7.26531,1.96885
2.62,7.07532,7.06681,2,6.93519,7.23283,1.96945
2.63,7.09649,7.04555,2,6.95885,7.20025,1.97004
2.64,7.1176,7.02423,2,6.9829,7.16758,1.97062
2.65,7.13864,7.00285,2,7.00734,7.13485,1.97119
2.66,7.15961,6.9814,2,7.03215,7.10206,1.97174
2.67,7.18052,6.95989,2,7.05733,7.06923,1.97229
2.68,7.20137,6.93832,2,7.08286,7.03639,1.97283
2.69,7.22215,6.91668,2,7.10873,7.00354,1.97335
2.7,7.24287,6.89498,2,7.13493,6.9707,1.97387
2.71,7.26352,6.87322,2,7.16144,6.9379,1.97437
2.72,7.28411,6.8514,2,7.18825,6.90513,1.97487
2.73,7.30463,6.82952,2,7.21535,6.87242,1.97535
2.74,7.32509,6.80758,2,7.24272,6.83979,1.97583
2.75,7.34548,6.78557,2,7.27034,6.80725,1.9763
2.76,7.3658,6.7635,2,7.29821,6.77481,1.97676
2.77,7.38606,6.74137,2,7.32629,6.74248,1.97721
2.78,7.40625,6.71919,2,7.35459,6.71029,1.97765
2.79,7.42637,6.69694,2,7.38307,6.67823,1.97808
2.8,7.44643,6.67463,2,7.41172,6.64634,1.97851
2.81,7.46642,6.65226,2,7.44053,6.61461,1.97892
2.82,7.48634,6.62983,2,7.46947,6.58307,1.97933
2.83,7.5062,6.60734,2,7.49853,6.55172,1.97973
2.84,7.52599,6.58479,2,7.52768,6.52057,1.98013
2.85,7.54571,6.56219,2,7.55692,6.48964,1.98051
2.86,7.56536,6.53952,2,7.58621,6.45894,1.98089
2.87,7.58495,6.51679,2,7.61555,6.42848,1.98126
2.88,7.60446,6.49401,2,7.64491,6.39827,1.98163
2.89,7.62391,6.47117,2,7.67428,6.36831,1.98198
2.9,7.64329,6.44827,2,7.70362,6.33862,1.98233
2.91,7.6626,6.42531,2,7.73294,6.30921,1.98268
2.92,7.68184,6.40229,2,7.7622,6.28008,1.98301
2.93,7.70101,6.37922,2,7.7914,6.25125,1.98334
2.94,7.72012,6.35608,2,7.8205,6.22272,1.98367
2.95,7.73915,6.3329,2,7.8495,6.1945,1.98398
2.96,7.75811,6.30965,2,7.87838,6.16659,1.9843
2.97,7.77701,6.28635,2,7.90711,6.139,1.9846
2.98,7.79583,6.26299,2,7.93569,6.11174,1.9849
2.99,7.81459,6.23957,2,7.96409,6.08482,1.98519
3,7.83327,6.2161,2,7.99229,6.05823,1.98548
3.01,7.85188,6.19257,2,8.02029,6.03198,1.98577
3.02,7.87042,6.16899,2,8.04807,6.00607,1.98604
3.03,7.8889,6.14535,2,8.0756,5.98051,1.98631
3.04,7.9073,6.12166,2,8.10288,5.9553,1.98658
3.05,7.92563,6.09791,2,8.12989,5.93044,1.98684
3.06,7.94388,6.0741,2,8.15662,5.90593,1.9871
3.07,7.96207,6.05024,2,8.18304,5.88178,1.98735
3.08,7.98019,6.02633,2,8.20915,5.85797,1.9876
3.09,7.99823,6.00236,2,8.23494,5.83451,1.98784
3.1,8.0162,5.97834,2,8.26039,5.8114,1.98808
3.11,8.0341,5.95426,2,8.28548,5.78864,1.98831
3.12,8.05192,5.93014,2,8.31021,5.76621,1.98854
3.13,8.06968,5.90595,2,8.33457,5.74412,1.98876
3.14,8.08736,5.88172,2,8.35854,5.72236,1.98898
3.15,8.10497,5.85743,2,8.38211,5.70093,1.98919
3.16,8.12251,5.83309,2,8.40527,5.67982,1.9894
3.17,8.13997,5.80869,2,8.42801,5.65902,1.98961
3.18,8.15736,5.78425,2,8.45033,5.63853,1.98981
3.19,8.17467,5.75975,2,8.47221,5.61833,1.99001
3.2,8.19192,5.7352,2,8.49364,5.59842,1.99021
3.21,8.20908,5.7106,2,8.51463,5.57879,1.9904
3.22,8.22618,5.68595,2,8.53515,5.55943,1.99059
3.23,8.2432,5.66124,2,8.55522,5.54033,1.99077
3.24,8.26015,5.63649,2,8.57481,5.52147,1.99095
3.25,8.27702,5.61168,2,8.59393,5.50285,1.99113
3.26,8.29382,5.58682,2,8.61257,5.48445,1.9913
3.27,8.31054,5.56192,2,8.63073,5.46627,1.99147
3.28,8.32719,5.53696,2,8.64841,5.44828,1.99164
3.29,8.34376,5.51195,2,8.6656,5.43047,1.9918
3.3,8.36026,5.4869,2,8.68231,5.41284,1.99196
3.31,8.37668,5.46179,2,8.69852,5.39536,1.99212
3.32,8.39303,5.43664,2,8.71426,5.37802,1.99227
3.33,8.4093,5.41144,2,8.7295,5.36081,1.99242
3.34,8.4255,5.38618,2,8.74427,5.34371,1.99257
3.35,8.44162,5.36088,2,8.75855,5.32671,1.99272
3.36,8.45766,5.33553,2,8.77236,5.30979,1.99286
3.37,8.47363,5.31014,2,8.78569,5.29293,1.993
3.38,8.48953,5.28469,2,8.79855,5.27613,1.99314
3.39,8.50534,5.2592,2,8.81095,5.25936,1.99327
3.4,8.52108,5.23366,2,8.82289,5.24262,1.9934
3.41,8.53674,5.20807,2,8.83439,5.22587,1.99353
3.42,8.55233,5.18244,2,8.84544,5.20912,1.99366
3.43,8.56784,5.15676,2,8.85605,5.19234,1.99378
3.44,8.58327,5.13103,2,8.86624,5.17551,1.9939
3.45,8.59862,5.10526,2,8.876,5.15863,1.99402
3.46,8.6139,5.07944,2,8.88537,5.14168,1.99414
3.47,8.6291,5.05358,2,8.89433,5.12464,1.99426
3.48,8.64422,5.02767,2,8.9029,5.10749,1.99437
3.49,8.65927,5.00171,2,8.9111,5.09023,1.99448
3.5,8.67423,4.97571,2,8.91894,5.07283,1.99459
3.51,8.68912,4.94967,2,8.92642,5.05529,1.99469
3.52,8.70393,4.92358,2,8.93356,5.03759,1.9948
3.53,8.71866,4.89744,2,8.94038,5.01971,1.9949
3.54,8.73331,4.87126,2,8.94688,5.00165,1.995
3.55,8.74789,4.84504,2,8.95309,4.98338,1.9951
3.56,8.76239,4.81878,2,8.959,4.96491,1.99519
3.57,8.7768,4.79247,2,8.96465,4.9462,1.99529
3.58,8.79114,4.76612,2,8.97004,4.92726,1.99538
3.59,8.8054,4.73972,2,8.97519,4.90807,1.99547
3.6,8.81958,4.71328,2,8.98011,4.88862,1.99556
3.61,8.83368,4.6868,2,8.98482,4.86889,1.99565
3.62,8.8477,4.66028,2,8.98933,4.84888,1.99573
3.63,8.86164,4.63372,2,8.99366,4.82858,1.99582
3.64,8.8755,4.60711,2,8.99783,4.80798,1.9959
3.65,8.88928,4.58046,2,9.00184,4.78707,1.99598
3.66,8.90298,4.55378,2,9.00573,4.76583,1.99606
3.67,8.91661,4.52705,2,9.00949,4.74427,1.99613
3.68,8.93015,4.50028,2,9.01315,4.72236,1.99621
3.69,8.94361,4.47347,2,9.01673,4.70011,1.99628
3.7,8.95699,4.44662,2,9.02024,4.67751,1.99636
3.71,8.97029,4.41972,2,9.02369,4.65455,1.99643
3.72,8.98351,4.39279,2,9.0271,4.63122,1.9965
3.73,8.99664,4.36582,2,9.03048,4.60752,1.99657
3.74,9.0097,4.33881,2,9.03386,4.58344,1.99664
3.75,9.02268,4.31177,2,9.03725,4.55898,1.9967
3.76,9.03557,4.28468,2,9.04065,4.53414,1.99677
3.77,9.04838,4.25755,2,9.04409,4.5089,1.99683
3.78,9.06112,4.23039,2,9.04758,4.48328,1.99689
3.79,9.07377,4.20319,2,9.05113,4.45726,1.99695
3.8,9.08633,4.17595,2,9.05476,4.43084,1.99701
3.81,9.09882,4.14867,2,9.05849,4.40402,1.99707
3.82,9.11123,4.12135,2,9.06231,4.37681,1.99713
3.83,9.12355,4.094,2,9.06625,4.3492,1.99719
3.84,9.13579,4.06661,2,9.07033,4.32118,1.99724
3.85,9.14795,4.03919,2,9.07454,4.29277,1.9973
3.86,9.16003,4.01172,2,9.0789,4.26397,1.99735
3.87,9.17202,3.98423,2,9.08343,4.23477,1.9974
3.88,9.18393,3.95669,2,9.08813,4.20519,1.99745
3.89,9.19576,3.92912,2,9.09302,4.17521,1.9975
3.9,9.20751,3.90152,2,9.0981,4.14486,1.99755
3.91,9.21917,3.87388,2,9.10339,4.11413,1.9976
3.92,9.23075,3.8462,2,9.10888,4.08302,1.99765
3.93,9.24225,3.81849,2,9.1146,4.05155,1.99769
3.94,9.25366,3.79075,2,9.12054,4.01972,1.99774
3.95,9.26499,3.76297,2,9.12672,3.98754,1.99778
3.96,9.27624,3.73516,2,9.13314,3.95502,1.99783
3.97,9.2874,3.70731,2,9.13981,3.92216,1.99787
3.98,9.29848,3.67943,2,9.14673,3.88897,1.99791
3.99,9.30948,3.65152,2,9.1539,3.85546,1.99795
4,9.32039,3.62358,2,9.16134,3.82165,1.99799
4.01,9.33122,3.5956,2,9.16905,3.78754,1.99803
4.02,9.34196,3.56759,2,9.17702,3.75314,1.99807
4.03,9.35263,3.53955,2,9.18527,3.71846,1.99811
4.04,9.3632,3.51147,2,9.19379,3.68352,1.99815
4.05,9.37369,3.48337,2,9.20258,3.64832,1.99818
4.06,9.3841,3.45523,2,9.21165,3.61288,1.99822
4.07,9.39443,3.42706,2,9.22099,3.57722,1.99825
4.08,9.40466,3.39887,2,9.23062,3.54133,1.99829
4.09,9.41482,3.37064,2,9.24051,3.50525,1.99832
4.1,9.42489,3.34238,2,9.25068,3.46897,1.99835
4.11,9.43487,3.31409,2,9.26112,3.43251,1.99839
4.12,9.44477,3.28577,2,9.27183,3.39589,1.99842
4.13,9.45459,3.25742,2,9.2828,3.35912,1.99845
4.14,9.46432,3.22904,2,9.29404,3.32222,1.99848
4.15,9.47396,3.20063,2,9.30553,3.28519,1.99851
4.16,9.48352,3.1722,2,9.31728,3.24805,1.99854
4.17,9.49299,3.14373,2,9.32927,3.21081,1.99857
4.18,9.50238,3.11524,2,9.3415,3.1735,1.9986
4.19,9.51169,3.08672,2,9.35397,3.13611,1.99862
4.2,9.5209,3.05817,2,9.36667,3.09868,1.99865
4.21,9.53004,3.02959,2,9.37959,3.06121,1.99868
4.22,9.53908,3.00099,2,9.39272,3.02371,1.9987
4.23,9.54804,2.97236,2,9.40605,2.9862,1.99873
4.24,9.55692,2.9437,2,9.41958,2.94869,1.99875
4.25,9.5657,2.91502,2,9.4333,2.9112,1.99878
4.26,9.57441,2.88631,2,9.44719,2.87374,1.9988
4.27,9.58302,2.85757,2,9.46125,2.83632,1.99883
4.28,9.59155,2.82881,2,9.47547,2.79896,1.99885
4.29,9.59999,2.80002,2,9.48983,2.76166,1.99887
4.3,9.60835,2.77121,2,9.50432,2.72446,1.99889
4.31,9.61662,2.74237,2,9.51893,2.68734,1.99892
4.32,9.6248,2.71351,2,9.53366,2.65034,1.99894
4.33,9.6329,2.68462,2,9.54848,2.61346,1.99896
4.34,9.64091,2.65571,2,9.56339,2.5767,1.99898
4.35,9.64884,2.62678,2,9.57836,2.5401,1.999
4.36,9.65667,2.59782,2,9.5934,2.50365,1.99902
4.37,9.66442,2.56884,2,9.60848,2.46736,1.99904
4.38,9.67209,2.53983,2,9.62359,2.43126,1.99906
4.39,9.67966,2.5108,2,9.63872,2.39535,1.99908
4.4,9.68715,2.48175,2,9.65385,2.35963,1.99909
4.41,9.69455,2.45268,2,9.66897,2.32413,1.99911
4.42,9.70187,2.42359,2,9.68407,2.28884,1.99913
4.43,9.70909,2.39447,2,9.69912,2.25379,1.99915
4.44,9.71623,2.36533,2,9.71412,2.21897,1.99916
4.45,9.72329,2.33617,2,9.72905,2.1844,1.99918
4.46,9.73025,2.30699,2,9.7439,2.15008,1.9992
4.47,9.73713,2.27779,2,9.75865,2.11603,1.99921
4.48,9.74392,2.24857,2,9.77329,2.08225,1.99923
4.49,9.75062,2.21933,2,9.7878,2.04875,1.99924
4.5,9.75723,2.19007,2,9.80216,2.01553,1.99926
4.51,9.76376,2.16079,2,9.81638,1.9826,1.99927
4.52,9.7702,2.13148,2,9.83042,1.94997,1.99929
4.53,9.77655,2.10216,2,9.84428,1.91764,1.9993
4.54,9.78281,2.07283,2,9.85794,1.88562,1.99931
4.55,9.78899,2.04347,2,9.87139,1.85391,1.99933
4.56,9.79507,2.01409,2,9.88461,1.82251,1.99934
4.57,9.80107,1.9847,2,9.8976,1.79143,1.99935
4.58,9.80698,1.95529,2,9.91034,1.76067,1.99937
4.59,9.8128,1.92586,2,9.92282,1.73023,1.99938
4.6,9.81854,1.89641,2,9.93503,1.70012,1.99939
4.61,9.82418,1.86694,2,9.94695,1.67033,1.9994
4.62,9.82974,1.83746,2,9.95857,1.64086,1.99942
4.63,9.83521,1.80797,2,9.96989,1.61172,1.99943
4.64,9.84058,1.77845,2,9.98089,1.5829,1.99944
4.65,9.84588,1.74892,2,9.99156,1.55441,1.99945
4.66,9.85108,1.71938,2,10.0019,1.52623,1.99946
4.67,9.85619,1.68982,2,10.0119,1.49837,1.99947
4.68,9.86122,1.66024,2,10.0215,1.47083,1.99948
4.69,9.86615,1.63065,2,10.0308,1.44359,1.99949
4.7,9.871,1.60104,2,10.0397,1.41666,1.9995
4.71,9.87576,1.57142,2,10.0483,1.39002,1.99951
4.72,9.88043,1.54179,2,10.0564,1.36368,1.99952
4.73,9.88501,1.51214,2,10.0642,1.33763,1.99953
4.74,9.8895,1.48248,2,10.0716,1.31186,1.99954
4.75,9.89391,1.4528,2,10.0786,1.28637,1.99955
4.76,9.89822,1.42312,2,10.0852,1.26113,1.99956
4.77,9.90244,1.39341,2,10.0914,1.23616,1.99957
4.78,9.90658,1.3637,2,10.0971,1.21144,1.99958
4.79,9.91063,1.33397,2,10.1025,1.18695,1.99958
4.8,9.91458,1.30424,2,10.1075,1.1627,1.99959
4.81,9.91845,1.27449,2,10.112,1.13866,1.9996
4.82,9.92223,1.24473,2,10.1162,1.11484,1.99961
4.83,9.92592,1.21495,2,10.1199,1.09121,1.99962
4.84,9.92952,1.18517,2,10.1233,1.06777,1.99962
4.85,9.93303,1.15538,2,10.1262,1.04451,1.99963
4.86,9.93645,1.12557,2,10.1287,1.02141,1.99964
4.87,9.93978,1.09576,2,10.1309,0.998472,1.99965
4.88,9.94303,1.06593,2,10.1326,0.975671,1.99965
4.89,9.94618,1.0361,2,10.1339,0.952999,1.99966
4.9,9.94924,1.00626,2,10.1348,0.930444,1.99967
4.91,9.95222,0.976405,2,10.1354,0.907993,1.99967
4.92,9.9551,0.946544,2,10.1356,0.885635,1.99968
4.93,9.9579,0.916675,2,10.1354,0.863355,1.99969
4.94,9.9606,0.886797,2,10.1348,0.841142,1.99969
4.95,9.96322,0.856911,2,10.1338,0.818983,1.9997
4.96,9.96574,0.827018,2,10.1325,0.796864,1.9997
4.97,9.96818,0.797117,2,10.1309,0.774774,1.99971
4.98,9.97053,0.767209,2,10.1289,0.752699,1.99972
4.99,9.97278,0.737294,2,10.1266,0.730626,1.99972
5,9.97495,0.707372,2,10.1239,0.708544,1.99973
5.01,9.97703,0.677444,2,10.1209,0.686438,1.99973
5.02,9.97901,0.64751,2,10.1177,0.664298,1.99974
5.03,9.98091,0.61757,2,10.1141,0.642109,1.99974
5.04,9.98272,0.587625,2,10.1102,0.619861,1.99975
5.05,9.98444,0.557674,2,10.1061,0.597541,1.99975
5.06,9.98607,0.527718,2,10.1017,0.575137,1.99976
5.07,9.9876,0.497757,2,10.097,0.552637,1.99976
5.08,9.98905,0.467792,2,10.0921,0.530029,1.99977
5.09,9.99041,0.437823,2,10.0869,0.507303,1.99977
5.1,9.99168,0.40785,2,10.0815,0.484447,1.99978
5.11,9.99286,0.377873,2,10.0759,0.46145,1.99978
5.12,9.99395,0.347893,2,10.0701,0.438302,1.99978
5.13,9.99495,0.31791,2,10.0642,0.414992,1.99979
5.14,9.99585,0.287923,2,10.058,0.391509,1.99979
5.15,9.99667,0.257935,2,10.0517,0.367845,1.9998
5.16,9.9974,0.227944,2,10.0452,0.343989,1.9998
5.17,9.99804,0.19795,2,10.0385,0.319933,1.9998
5.18,9.99859,0.167955,2,10.0318,0.295666,1.99981
5.19,9.99905,0.137959,2,10.0249,0.271182,1.99981
5.2,9.99942,0.107961,2,10.0179,0.246471,1.99982
5.21,9.9997,0.0779625,2,10.0108,0.221526,1.99982
5.22,9.99988,0.0479631,2,10.0036,0.196338,1.99982
5.23,9.99998,0.0179633,2,9.99641,0.170902,1.99983
5.24,9.99999,-0.0120367,2,9.98912,0.14521,1.99983
5.25,9.99991,-0.0420366,2,9.98178,0.119255,1.99983
5.26,9.99974,-0.0720361,2,9.97441,0.093033,1.99984
5.27,9.99948,-0.102035,2,9.96701,0.0665372,1.99984
5.28,9.99913,-0.132033,2,9.9596,0.0397627,1.99984
5.29,9.99869,-0.16203,2,9.9522,0.012705,1.99985
5.3,9.99816,-0.192025,2,9.9448,-0.0146401,1.99985
5.31,9.99754,-0.222018,2,9.93743,-0.0422763,1.99985
5.32,9.99682,-0.25201,2,9.93009,-0.0702067,1.99986
5.33,9.99602,-0.281999,2,9.92279,-0.0984342,1.99986
5.34,9.99513,-0.311986,2,9.91555,-0.126961,1.99986
5.35,9.99415,-0.34197,2,9.90837,-0.155789,1.99986
5.36,9.99308,-0.371951,2,9.90126,-0.184919,1.99987
5.37,9.99192,-0.401928,2,9.89424,-0.214351,1.99987
5.38,9.99067,-0.431902,2,9.88731,-0.244088,1.99987
5.39,9.98933,-0.461872,2,9.88048,-0.274127,1.99987
5.4,9.9879,-0.491838,2,9.87375,-0.304468,1.99988
5.41,9.98638,-0.5218,2,9.86715,-0.33511,1.99988
5.42,9.98477,-0.551756,2,9.86066,-0.366051,1.99988
5.43,9.98307,-0.581708,2,9.85431,-0.397289,1.99988
5.44,9.98128,-0.611655,2,9.8481,-0.428821,1.99989
5.45,9.9794,-0.641596,2,9.84203,-0.460643,1.99989
5.46,9.97743,-0.671531,2,9.83611,-0.492752,1.99989
5.47,9.97537,-0.70146,2,9.83035,-0.525143,1.99989
5.48,9.97322,-0.731383,2,9.82475,-0.557812,1.99989
5.49,9.97098,-0.761299,2,9.81931,-0.590754,1.9999
5.5,9.96865,-0.791209,2,9.81404,-0.623962,1.9999
5.51,9.96623,-0.821111,2,9.80895,-0.65743,1.9999
5.52,9.96372,-0.851006,2,9.80404,-0.691152,1.9999
5.53,9.96113,-0.880893,2,9.7993,-0.725121,1.9999
5.54,9.95844,-0.910773,2,9.79475,-0.75933,1.99991
5.55,9.95566,-0.940644,2,9.79039,-0.79377,1.99991
5.56,9.95279,-0.970507,2,9.78621,-0.828434,1.99991
5.57,9.94984,-1.00036,2,9.78222,-0.863313,1.99991
5.58,9.94679,-1.03021,2,9.77842,-0.898398,1.99991
5.59,9.94366,-1.06004,2,9.7748,-0.93368,1.99992
5.6,9.94043,-1.08987,2,9.77138,-0.969149,1.99992
5.61,9.93712,-1.11968,2,9.76814,-1.0048,1.99992
5.62,9.93371,-1.14949,2,9.76509,-1.04061,1.99992
5.63,9.93022,-1.17929,2,9.76223,-1.07658,1.99992
5.64,9.92664,-1.20907,2,9.75955,-1.1127,1.99992
5.65,9.92297,-1.23885,2,9.75705,-1.14896,1.99993
5.66,9.91921,-1.26861,2,9.75473,-1.18534,1.99993
5.67,9.91535,-1.29836,2,9.75259,-1.22183,1.99993
5.68,9.91142,-1.3281,2,9.75062,-1.25843,1.99993
5.69,9.90739,-1.35783,2,9.74881,-1.29511,1.99993
5.7,9.90327,-1.38755,2,9.74717,-1.33188,1.99993
5.71,9.89906,-1.41725,2,9.74569,-1.36872,1.99993
5.72,9.89476,-1.44694,2,9.74436,-1.40561,1.99993
5.73,9.89038,-1.47662,2,9.74319,-1.44255,1.99994
5.74,9.8859,-1.50628,2,9.74215,-1.47952,1.99994
5.75,9.88134,-1.53593,2,9.74125,-1.51651,1.99994
5.76,9.87669,-1.56557,2,9.74048,-1.55351,1.99994
5.77,9.87195,-1.59519,2,9.73983,-1.59051,1.99994
5.78,9.86712,-1.6248,2,9.7393,-1.6275,1.99994
5.79,9.8622,-1.6544,2,9.73887,-1.66446,1.99994
5.8,9.85719,-1.68397,2,9.73854,-1.70137,1.99994
5.81,9.8521,-1.71354,2,9.73831,-1.73824,1.99995
5.82,9.84691,-1.74309,2,9.73815,-1.77505,1.99995
5.83,9.84164,-1.77262,2,9.73808,-1.81179,1.99995
5.84,9.83627,-1.80214,2,9.73806,-1.84844,1.99995
5.85,9.83082,-1.83164,2,9.7381,-1.88499,1.99995
5.86,9.82529,-1.86112,2,9.73819,-1.92144,1.99995
5.87,9.81966,-1.89059,2,9.73831,-1.95777,1.99995
5.88,9.81394,-1.92004,2,9.73845,-1.99397,1.99995
5.89,9.80814,-1.94947,2,9.73861,-2.03003,1.99995
5.9,9.80224,-1.97889,2,9.73878,-2.06593,1.99995
5.91,9.79626,-2.00829,2,9.73894,-2.10168,1.99996
5.92,9.7902,-2.03767,2,9.73908,-2.13725,1.99996
5.93,9.78404,-2.06703,2,9.7392,-2.17265,1.99996
5.94,9.77779,-2.09637,2,9.73927,-2.20785,1.99996
5.95,9.77146,-2.12569,2,9.7393,-2.24285,1.99996
5.96,9.76504,-2.155,2,9.73926,-2.27764,1.99996
5.97,9.75853,-2.18428,2,9.73916,-2.31221,1.99996
5.98,9.75193,-2.21355,2,9.73897,-2.34656,1.99996
5.99,9.74525,-2.2428,2,9.73868,-2.38067,1.99996
6,9.73848,-2.27202,2,9.73829,-2.41453,1.99996
6.01,9.73162,-2.30123,2,9.73778,-2.44814,1.99996
6.02,9.72467,-2.33041,2,9.73714,-2.48149,1.99996
6.03,9.71763,-2.35957,2,9.73636,-2.51458,1.99996
6.04,9.71051,-2.38872,2,9.73544,-2.54739,1.99997
6.05,9.7033,-2.41784,2,9.73435,-2.57993,1.99997
6.06,9.696,-2.44694,2,9.73309,-2.61217,1.99997
6.07,9.68862,-2.47601,2,9.73165,-2.64413,1.99997
6.08,9.68115,-2.50507,2,9.73002,-2.6758,1.99997
6.09,9.67359,-2.5341,2,9.72818,-2.70716,1.99997
6.1,9.66594,-2.56311,2,9.72614,-2.73822,1.99997
6.11,9.65821,-2.5921,2,9.72387,-2.76897,1.99997
6.12,9.65039,-2.62106,2,9.72137,-2.79941,1.99997
6.13,9.64248,-2.65,2,9.71864,-2.82954,1.99997
6.14,9.63449,-2.67891,2,9.71565,-2.85936,1.99997
6.15,9.62641,-2.7078,2,9.71242,-2.88885,1.99997
6.16,9.61824,-2.73667,2,9.70891,-2.91803,1.99997
6.17,9.60999,-2.76551,2,9.70514,-2.9469,1.99997
6.18,9.60165,-2.79433,2,9.70109,-2.97544,1.99997
6.19,9.59323,-2.82312,2,9.69675,-3.00367,1.99997
6.2,9.58471,-2.85189,2,9.69212,-3.03158,1.99998
6.21,9.57611,-2.88063,2,9.68719,-3.05917,1.99998
6.22,9.56743,-2.90935,2,9.68197,-3.08645,1.99998
6.23,9.55866,-2.93804,2,9.67643,-3.11343,1.99998
6.24,9.5498,-2.9667,2,9.67058,-3.14009,1.99998
6.25,9.54086,-2.99534,2,9.66442,-3.16645,1.99998
6.26,9.53183,-3.02394,2,9.65794,-3.19252,1.99998
6.27,9.52271,-3.05253,2,9.65113,-3.21829,1.99998
6.28,9.51351,-3.08108,2,9.64399,-3.24377,1.99998
6.29,9.50423,-3.10961,2,9.63653,-3.26896,1.99998
6.3,9.49486,-3.13811,2,9.62874,-3.29388,1.99998
6.31,9.4854,-3.16658,2,9.62061,-3.31853,1.99998
6.32,9.47586,-3.19502,2,9.61215,-3.34292,1.99998
6.33,9.46623,-3.22343,2,9.60335,-3.36704,1.99998
6.34,9.45652,-3.25182,2,9.59423,-3.39092,1.99998
6.35,9.44672,-3.28017,2,9.58476,-3.41456,1.99998
6.36,9.43684,-3.3085,2,9.57497,-3.43796,1.99998
6.37,9.42687,-3.33679,2,9.56484,-3.46114,1.99998
6.38,9.41681,-3.36506,2,9.55438,-3.4841,1.99998
6.39,9.40668,-3.39329,2,9.54359,-3.50686,1.99998
6.4,9.39645,-3.4215,2,9.53247,-3.52942,1.99998
6.41,9.38615,-3.44967,2,9.52103,-3.5518,1.99998
6.42,9.37576,-3.47781,2,9.50927,-3.57399,1.99998
6.43,9.36528,-3.50592,2,9.49719,-3.59602,1.99998
6.44,9.35472,-3.534,2,9.48479,-3.61789,1.99998
6.45,9.34408,-3.56205,2,9.47208,-3.63962,1.99998
6.46,9.33335,-3.59007,2,9.45907,-3.66121,1.99999
6.47,9.32254,-3.61805,2,9.44576,-3.68267,1.99999
6.48,9.31164,-3.646,2,9.43215,-3.70402,1.99999
6.49,9.30066,-3.67392,2,9.41825,-3.72527,1.99999
6.5,9.2896,-3.70181,2,9.40406,-3.74642,1.99999
6.51,9.27845,-3.72966,2,9.3896,-3.76749,1.99999
6.52,9.26722,-3.75748,2,9.37486,-3.78849,1.99999
6.53,9.25591,-3.78526,2,9.35986,-3.80943,1.99999
6.54,9.24451,-3.81301,2,9.3446,-3.83032,1.99999
6.55,9.23303,-3.84073,2,9.32908,-3.85117,1.99999
6.56,9.22146,-3.86841,2,9.31332,-3.87199,1.99999
6.57,9.20982,-3.89606,2,9.29732,-3.8928,1.99999
6.58,9.19809,-3.92367,2,9.28109,-3.9136,1.99999
6.59,9.18627,-3.95125,2,9.26464,-3.9344,1.99999
6.6,9.17438,-3.97879,2,9.24797,-3.95522,1.99999
6.61,9.1624,-4.00629,2,9.2311,-3.97606,1.99999
6.62,9.15034,-4.03376,2,9.21404,-3.99694,1.99999
6.63,9.1382,-4.0612,2,9.19678,-4.01787,1.99999
6.64,9.12597,-4.08859,2,9.17934,-4.03885,1.99999
6.65,9.11367,-4.11595,2,9.16173,-4.0599,1.99999
6.66,9.10128,-4.14327,2,9.14396,-4.08102,1.99999
6.67,9.08881,-4.17056,2,9.12604,-4.10222,1.99999
6.68,9.07626,-4.19781,2,9.10797,-4.12352,1.99999
6.69,9.06362,-4.22502,2,9.08977,-4.14492,1.99999
6.7,9.05091,-4.25219,2,9.07144,-4.16643,1.99999
6.71,9.03811,-4.27932,2,9.053,-4.18806,1.99999
6.72,9.02523,-4.30642,2,9.03445,-4.20982,1.99999
6.73,9.01227,-4.33347,2,9.0158,-4.23172,1.99999
6.74,8.99923,-4.36049,2,8.99706,-4.25376,1.99999
6.75,8.98611,-4.38747,2,8.97825,-4.27594,1.99999
6.76,8.9729,-4.41441,2,8.95936,-4.29829,1.99999
6.77,8.95962,-4.44131,2,8.94042,-4.3208,1.99999
6.78,8.94626,-4.46816,2,8.92142,-4.34348,1.99999
6.79,8.93281,-4.49498,2,8.90238,-4.36634,1.99999
6.8,8.91929,-4.52176,2,8.88331,-4.38938,1.99999
6.81,8.90568,-4.5485,2,8.86422,-4.41261,1.99999
6.82,8.892,-4.5752,2,8.84511,-4.43603,1.99999
6.83,8.87823,-4.60185,2,8.82599,-4.45965,1.99999
6.84,8.86438,-4.62846,2,8.80688,-4.48347,1.99999
6.85,8.85046,-4.65504,2,8.78778,-4.5075,1.99999
6.86,8.83645,-4.68157,2,8.76869,-4.53174,1.99999
6.87,8.82237,-4.70806,2,8.74963,-4.55619,1.99999
6.88,8.80821,-4.7345,2,8.73061,-4.58085,1.99999
6.89,8.79396,-4.76091,2,8.71163,-4.60573,1.99999
6.9,8.77964,-4.78727,2,8.6927,-4.63083,1.99999
6.91,8.76524,-4.81358,2,8.67382,-4.65615,1.99999
6.92,8.75076,-4.83986,2,8.65501,-4.6817,1.99999
6.93,8.7362,-4.86609,2,8.63627,-4.70746,1.99999
6.94,8.72156,-4.89227,2,8.61761,-4.73345,1.99999
6.95,8.70685,-4.91842,2,8.59902,-4.75966,1.99999
6.96,8.69205,-4.94451,2,8.58053,-4.78609,1.99999
6.97,8.67718,-4.97057,2,8.56213,-4.81274,1.99999
6.98,8.66223,-4.99658,2,8.54383,-4.83961,1.99999
6.99,8.6472,-5.02254,2,8.52563,-4.86669,1.99999
7,8.63209,-5.04846,2,8.50755,-4.89399,1.99999
7.01,8.61691,-5.07433,2,8.48957,-4.9215,2
7.02,8.60165,-5.10016,2,8.47172,-4.94922,2
7.03,8.58631,-5.12594,2,8.45398,-4.97714,2
7.04,8.57089,-5.15168,2,8.43637,-5.00526,2
7.05,8.5554,-5.17737,2,8.41888,-5.03358,2
7.06,8.53983,-5.20301,2,8.40153,-5.06208,2
7.07,8.52418,-5.22861,2,8.3843,-5.09078,2
7.08,8.50846,-5.25416,2,8.36721,-5.11965,2
7.09,8.49266,-5.27966,2,8.35026,-5.14869,2
7.1,8.47678,-5.30511,2,8.33344,-5.1779,2
7.11,8.46082,-5.33052,2,8.31677,-5.20728,2
7.12,8.4448,-5.35588,2,8.30023,-5.2368,2
7.13,8.42869,-5.38119,2,8.28382,-5.26647,2
7.14,8.41251,-5.40645,2,8.26756,-5.29628,2
7.15,8.39625,-5.43166,2,8.25144,-5.32623,2
7.16,8.37992,-5.45683,2,8.23546,-5.35629,2
7.17,8.36351,-5.48194,2,8.21961,-5.38647,2
7.18,8.34703,-5.50701,2,8.20389,-5.41675,2
7.19,8.33047,-5.53202,2,8.18832,-5.44713,2
7.2,8.31383,-5.55699,2,8.17287,-5.4776,2
7.21,8.29713,-5.58191,2,8.15755,-5.50815,2
7.22,8.28034,-5.60677,2,8.14236,-5.53877,2
7.23,8.26349,-5.63159,2,8.1273,-5.56944,2
7.24,8.24655,-5.65635,2,8.11235,-5.60017,2
7.25,8.22955,-5.68107,2,8.09752,-5.63093,2
7.26,8.21247,-5.70573,2,8.08281,-5.66173,2
7.27,8.19531,-5.73034,2,8.0682,-5.69254,2
7.28,8.17809,-5.7549,2,8.0537,-5.72337,2
7.29,8.16078,-5.77941,2,8.0393,-5.75419,2
7.3,8.14341,-5.80387,2,8.02499,-5.78501,2
7.31,8.12596,-5.82827,2,8.01078,-5.8158,2
7.32,8.10844,-5.85262,2,7.99665,-5.84656,2
7.33,8.09085,-5.87692,2,7.98259,-5.87728,2
7.34,8.07318,-5.90117,2,7.96861,-5.90794,2
7.35,8.05544,-5.92536,2,7.9547,-5.93854,2
7.36,8.03763,-5.9495,2,7.94085,-5.96907,2
7.37,8.01974,-5.97359,2,7.92705,-5.99952,2
7.38,8.00178,-5.99762,2,7.91329,-6.02987,2
7.39,7.98376,-6.0216,2,7.89958,-6.06011,2
7.4,7.96565,-6.04552,2,7.8859,-6.09024,2
7.41,7.94748,-6.06939,2,7.87224,-6.12025,2
7.42,7.92924,-6.09321,2,7.8586,-6.15012,2
7.43,7.91092,-6.11697,2,7.84497,-6.17984,2
7.44,7.89254,-6.14067,2,7.83134,-6.20942,2
7.45,7.87408,-6.16432,2,7.81771,-6.23882,2
7.46,7.85555,-6.18792,2,7.80406,-6.26805,2
7.47,7.83695,-6.21146,2,7.79039,-6.2971,2
7.48,7.81828,-6.23494,2,7.77669,-6.32596,2
7.49,7.79954,-6.25837,2,7.76295,-6.35461,2
7.5,7.78073,-6.28174,2,7.74916,-6.38306,2
7.51,7.76185,-6.30505,2,7.73532,-6.41128,2
7.52,7.7429,-6.32831,2,7.72141,-6.43928,2
7.53,7.72388,-6.35151,2,7.70743,-6.46705,2
7.54,7.70479,-6.37465,2,7.69337,-6.49457,2
7.55,7.68563,-6.39774,2,7.67922,-6.52184,2
7.56,7.66641,-6.42076,2,7.66497,-6.54886,2
7.57,7.64711,-6.44373,2,7.65062,-6.57561,2
7.58,7.62774,-6.46665,2,7.63616,-6.60209,2
7.59,7.60831,-6.4895,2,7.62157,-6.6283,2
7.6,7.58881,-6.5123,2,7.60686,-6.65422,2
7.61,7.56924,-6.53503,2,7.59201,-6.67985,2
7.62,7.5496,-6.55771,2,7.57701,-6.7052,2
7.63,7.52989,-6.58033,2,7.56186,-6.73024,2
7.64,7.51012,-6.60289,2,7.54656,-6.75499,2
7.65,7.49027,-6.62539,2,7.53108,-6.77943,2
7.66,7.47036,-6.64783,2,7.51544,-6.80356,2
7.67,7.45039,-6.67021,2,7.49961,-6.82737,2
7.68,7.43034,-6.69254,2,7.4836,-6.85088,2
7.69,7.41023,-6.7148,2,7.4674,-6.87407,2
7.7,7.39005,-6.737,2,7.451,-6.89694,2
7.71,7.36981,-6.75914,2,7.4344,-6.91949,2
7.72,7.3495,-6.78122,2,7.41758,-6.94173,2
7.73,7.32912,-6.80323,2,7.40056,-6.96364,2
7.74,7.30868,-6.82519,2,7.38331,-6.98523,2
7.75,7.28817,-6.84709,2,7.36584,-7.00651,2
7.76,7.2676,-6.86892,2,7.34815,-7.02747,2
7.77,7.24696,-6.89069,2,7.33022,-7.04811,2
7.78,7.22625,-6.9124,2,7.31206,-7.06844,2
7.79,7.20548,-6.93405,2,7.29367,-7.08846,2
7.8,7.18465,-6.95563,2,7.27503,-7.10817,2
7.81,7.16375,-6.97716,2,7.25614,-7.12758,2
7.82,7.14279,-6.99862,2,7.23702,-7.14668,2
7.83,7.12176,-7.02001,2,7.21764,-7.16549,2
7.84,7.10067,-7.04135,2,7.19801,-7.18401,2
7.85,7.07951,-7.06262,2,7.17814,-7.20224,2
7.86,7.05829,-7.08382,2,7.15801,-7.22019,2
7.87,7.03701,-7.10497,2,7.13763,-7.23786,2
7.88,7.01566,-7.12605,2,7.117,-7.25527,2
7.89,6.99425,-7.14706,2,7.09612,-7.27241,2
7.9,6.97278,-7.16801,2,7.07498,-7.28929,2
7.91,6.95124,-7.1889,2,7.05359,-7.30593,2
7.92,6.92964,-7.20972,2,7.03195,-7.32232,2
7.93,6.90798,-7.23047,2,7.01006,-7.33848,2
7.94,6.88626,-7.25117,2,6.98792,-7.35442,2
7.95,6.86448,-7.27179,2,6.96553,-7.37013,2
7.96,6.84263,-7.29235,2,6.9429,-7.38564,2
7.97,6.82072,-7.31285,2,6.92003,-7.40094,2
7.98,6.79875,-7.33328,2,6.89691,-7.41605,2
7.99,6.77672,-7.35364,2,6.87356,-7.43098,2
8,6.75463,-7.37394,2,6.84998,-7.44574,2
8.01,6.73248,-7.39417,2,6.82616,-7.46032,2
8.02,6.71027,-7.41433,2,6.80212,-7.47476,2
8.03,6.68799,-7.43443,2,6.77785,-7.48904,2
8.04,6.66566,-7.45446,2,6.75336,-7.50319,2
8.05,6.64327,-7.47442,2,6.72866,-7.51721,2
8.06,6.62081,-7.49432,2,6.70375,-7.53111,2
8.07,6.5983,-7.51415,2,6.67863,-7.5449,2
8.08,6.57573,-7.53391,2,6.65331,-7.5586,2
8.09,6.5531,-7.5536,2,6.6278,-7.5722,2
8.1,6.53041,-7.57323,2,6.60209,-7.58573,2
8.11,6.50766,-7.59278,2,6.5762,-7.59918,2
8.12,6.48485,-7.61227,2,6.55013,-7.61258,2
8.13,6.46198,-7.63169,2,6.52389,-7.62592,2
8.14,6.43906,-7.65105,2,6.49747,-7.63922,2
8.15,6.41608,-7.67033,2,6.4709,-7.65249,2
8.16,6.39304,-7.68954,2,6.44417,-7.66574,2
8.17,6.36994,-7.70869,2,6.41729,-7.67897,2
8.18,6.34679,-7.72776,2,6.39027,-7.6922,2
8.19,6.32358,-7.74677,2,6.36311,-7.70543,2
8.2,6.30031,-7.7657,2,6.33582,-7.71868,2
8.21,6.27698,-7.78457,2,6.30841,-7.73194,2
8.22,6.2536,-7.80336,2,6.28088,-7.74524,2
8.23,6.23016,-7.82209,2,6.25325,-7.75858,2
8.24,6.20667,-7.84075,2,6.22551,-7.77196,2
8.25,6.18312,-7.85933,2,6.19768,-7.7854,2
8.26,6.15951,-7.87784,2,6.16976,-7.7989,2
8.27,6.13585,-7.89629,2,6.14176,-7.81247,2
8.28,6.11213,-7.91466,2,6.11368,-7.82612,2
8.29,6.08836,-7.93296,2,6.08554,-7.83986,2
8.3,6.06454,-7.95119,2,6.05734,-7.85368,2
8.31,6.04065,-7.96935,2,6.02909,-7.8676,2
8.32,6.01672,-7.98743,2,6.00079,-7.88163,2
8.33,5.99273,-8.00545,2,5.97245,-7.89577,2
8.34,5.96869,-8.02339,2,5.94408,-7.91002,2
8.35,5.94459,-8.04126,2,5.91569,-7.92439,2
8.36,5.92044,-8.05906,2,5.88728,-7.93889,2
8.37,5.89624,-8.07678,2,5.85886,-7.95352,2
8.38,5.87198,-8.09443,2,5.83044,-7.96829,2
8.39,5.84767,-8.11201,2,5.80202,-7.98319,2
8.4,5.82331,-8.12952,2,5.7736,-7.99824,2
8.41,5.79889,-8.14695,2,5.74521,-8.01344,2
8.42,5.77442,-8.16431,2,5.71683,-8.02878,2
8.43,5.74991,-8.1816,2,5.68849,-8.04428,2
8.44,5.72534,-8.19881,2,5.66017,-8.05993,2
8.45,5.70071,-8.21595,2,5.6319,-8.07574,2
8.46,5.67604,-8.23302,2,5.60367,-8.09171,2
8.47,5.65132,-8.25001,2,5.5755,-8.10784,2
8.48,5.62654,-8.26693,2,5.54738,-8.12413,2
8.49,5.60171,-8.28377,2,5.51932,-8.14058,2
8.5,5.57684,-8.30054,2,5.49132,-8.15719,2
8.51,5.55191,-8.31723,2,5.4634,-8.17396,2
8.52,5.52693,-8.33385,2,5.43556,-8.19089,2
8.53,5.50191,-8.35039,2,5.40779,-8.20798,2
8.54,5.47683,-8.36686,2,5.38011,-8.22523,2
8.55,5.45171,-8.38325,2,5.35251,-8.24264,2
8.56,5.42653,-8.39957,2,5.32501,-8.2602,2
8.57,5.40131,-8.41581,2,5.2976,-8.27791,2
8.58,5.37604,-8.43198,2,5.27029,-8.29577,2
8.59,5.35072,-8.44807,2,5.24308,-8.31377,2
8.6,5.32535,-8.46408,2,5.21597,-8.33192,2
8.61,5.29993,-8.48002,2,5.18897,-8.35021,2
8.62,5.27447,-8.49588,2,5.16208,-8.36863,2
8.63,5.24896,-8.51167,2,5.13529,-8.38717,2
8.64,5.2234,-8.52737,2,5.10862,-8.40585,2
8.65,5.19779,-8.54301,2,5.08207,-8.42464,2
8.66,5.17214,-8.55856,2,5.05563,-8.44354,2
8.67,5.14644,-8.57404,2,5.0293,-8.46256,2
8.68,5.1207,-8.58944,2,5.00309,-8.48167,2
8.69,5.09491,-8.60476,2,4.977,-8.50088,2
8.7,5.06907,-8.62001,2,4.95102,-8.52018,2
8.71,5.04319,-8.63518,2,4.92516,-8.53956,2
8.72,5.01726,-8.65027,2,4.89942,-8.55901,2
8.73,4.99128,-8.66528,2,4.8738,-8.57854,2
8.74,4.96527,-8.68022,2,4.84829,-8.59812,2
8.75,4.9392,-8.69507,2,4.82289,-8.61775,2
8.76,4.9131,-8.70985,2,4.79761,-8.63743,2
8.77,4.88694,-8.72455,2,4.77244,-8.65715,2
8.78,4.86075,-8.73917,2,4.74738,-8.67689,2
8.79,4.83451,-8.75371,2,4.72243,-8.69665,2
8.8,4.80823,-8.76818,2,4.69758,-8.71642,2
8.81,4.7819,-8.78256,2,4.67284,-8.73619,2
8.82,4.75553,-8.79687,2,4.6482,-8.75596,2
8.83,4.72912,-8.8111,2,4.62366,-8.77571,2
8.84,4.70266,-8.82524,2,4.59921,-8.79543,2
8.85,4.67617,-8.83931,2,4.57485,-8.81512,2
8.86,4.64963,-8.8533,2,4.55058,-8.83477,2
8.87,4.62305,-8.86721,2,4.5264,-8.85436,2
8.88,4.59643,-8.88104,2,4.5023,-8.8739,2
8.89,4.56976,-8.89479,2,4.47827,-8.89336,2
8.9,4.54306,-8.90846,2,4.45432,-8.91274,2
8.91,4.51631,-8.92205,2,4.43043,-8.93203,2
8.92,4.48952,-8.93556,2,4.40661,-8.95122,2
8.93,4.4627,-8.94898,2,4.38284,-8.97031,2
8.94,4.43583,-8.96233,2,4.35913,-8.98927,2
8.95,4.40892,-8.9756,2,4.33547,-9.00811,2
8.96,4.38198,-8.98879,2,4.31185,-9.02682,2
8.97,4.35499,-9.00189,2,4.28827,-9.04537,2
8.98,4.32797,-9.01492,2,4.26472,-9.06378,2
8.99,4.3009,-9.02786,2,4.2412,-9.08202,2
9,4.2738,-9.04072,2,4.2177,-9.10009,2
9.01,4.24666,-9.0535,2,4.19422,-9.11798,2
9.02,4.21948,-9.0662,2,4.17074,-9.13568,2
9.03,4.19226,-9.07882,2,4.14728,-9.15319,2
9.04,4.16501,-9.09135,2,4.12381,-9.17049,2
9.05,4.13771,-9.10381,2,4.10033,-9.18758,2
9.06,4.11038,-9.11618,2,4.07684,-9.20445,2
9.07,4.08302,-9.12847,2,4.05333,-9.22109,2
9.08,4.05561,-9.14068,2,4.02979,-9.23749,2
9.09,4.02817,-9.1528,2,4.00622,-9.25365,2
9.1,4.00069,-9.16485,2,3.98261,-9.26957,2
9.11,3.97318,-9.17681,2,3.95897,-9.28523,2
9.12,3.94563,-9.18869,2,3.93527,-9.30063,2
9.13,3.91805,-9.20048,2,3.91151,-9.31576,2
9.14,3.89043,-9.2122,2,3.8877,-9.33061,2
9.15,3.86278,-9.22383,2,3.86382,-9.34519,2
9.16,3.83509,-9.23537,2,3.83986,-9.35949,2
9.17,3.80736,-9.24684,2,3.81583,-9.3735,2
9.18,3.77961,-9.25822,2,3.79171,-9.38722,2
9.19,3.75182,-9.26951,2,3.7675,-9.40064,2
9.2,3.72399,-9.28073,2,3.7432,-9.41377,2
9.21,3.69613,-9.29186,2,3.7188,-9.42659,2
9.22,3.66824,-9.3029,2,3.6943,-9.4391,2
9.23,3.64031,-9.31387,2,3.66969,-9.45131,2
9.24,3.61236,-9.32475,2,3.64496,-9.46321,2
9.25,3.58437,-9.33554,2,3.62011,-9.4748,2
9.26,3.55634,-9.34625,2,3.59514,-9.48608,2
9.27,3.52829,-9.35688,2,3.57004,-9.49704,2
9.28,3.5002,-9.36742,2,3.54482,-9.50769,2
9.29,3.47208,-9.37788,2,3.51945,-9.51803,2
9.3,3.44393,-9.38825,2,3.49395,-9.52806,2
9.31,3.41575,-9.39854,2,3.46831,-9.53777,2
9.32,3.38754,-9.40875,2,3.44252,-9.54717,2
9.33,3.3593,-9.41887,2,3.41658,-9.55627,2
9.34,3.33103,-9.4289,2,3.39049,-9.56506,2
9.35,3.30273,-9.43885,2,3.36424,-9.57354,2
9.36,3.2744,-9.44872,2,3.33784,-9.58172,2
9.37,3.24604,-9.4585,2,3.31128,-9.58961,2
9.38,3.21765,-9.4682,2,3.28456,-9.59719,2
9.39,3.18923,-9.47781,2,3.25768,-9.60449,2
9.4,3.16078,-9.48733,2,3.23064,-9.6115,2
9.41,3.1323,-9.49677,2,3.20342,-9.61823,2
9.42,3.1038,-9.50613,2,3.17605,-9.62468,2
9.43,3.07527,-9.51539,2,3.1485,-9.63086,2
9.44,3.04671,-9.52458,2,3.12079,-9.63677,2
9.45,3.01812,-9.53367,2,3.09291,-9.64242,2
9.46,2.9895,-9.54269,2,3.06486,-9.64781,2
9.47,2.96086,-9.55161,2,3.03664,-9.65296,2
9.48,2.9322,-9.56045,2,3.00825,-9.65786,2
9.49,2.9035,-9.5692,2,2.97969,-9.66253,2
9.5,2.87478,-9.57787,2,2.95097,-9.66697,2
9.51,2.84603,-9.58645,2,2.92208,-9.67119,2
9.52,2.81726,-9.59495,2,2.89303,-9.67519,2
9.53,2.78846,-9.60336,2,2.86381,-9.67899,2
9.54,2.75964,-9.61168,2,2.83443,-9.68259,2
9.55,2.73079,-9.61991,2,2.80489,-9.68599,2
9.56,2.70192,-9.62806,2,2.77518,-9.68922,2
9.57,2.67303,-9.63613,2,2.74533,-9.69227,2
9.58,2.64411,-9.6441,2,2.71531,-9.69515,2
9.59,2.61516,-9.65199,2,2.68515,-9.69788,2
9.6,2.58619,-9.65979,2,2.65483,-9.70046,2
9.61,2.5572,-9.66751,2,2.62437,-9.70289,2
9.62,2.52819,-9.67514,2,2.59376,-9.70519,2
9.63,2.49915,-9.68268,2,2.56301,-9.70737,2
9.64,2.47009,-9.69013,2,2.53213,-9.70943,2
9.65,2.44101,-9.6975,2,2.50111,-9.71139,2
9.66,2.41191,-9.70478,2,2.46996,-9.71325,2
9.67,2.38278,-9.71197,2,2.43868,-9.71501,2
9.68,2.35364,-9.71907,2,2.40728,-9.7167,2
9.69,2.32447,-9.72609,2,2.37577,-9.71831,2
9.7,2.29528,-9.73302,2,2.34413,-9.71986,2
9.71,2.26607,-9.73986,2,2.31239,-9.72136,2
9.72,2.23684,-9.74662,2,2.28054,-9.7228,2
9.73,2.20759,-9.75328,2,2.2486,-9.72421,2
9.74,2.17832,-9.75986,2,2.21655,-9.72558,2
9.75,2.14903,-9.76635,2,2.18441,-9.72694,2
9.76,2.11972,-9.77276,2,2.15219,-9.72827,2
9.77,2.09039,-9.77907,2,2.11988,-9.7296,2
9.78,2.06105,-9.7853,2,2.0875,-9.73093,2
9.79,2.03168,-9.79144,2,2.05505,-9.73227,2
9.8,2.0023,-9.79749,2,2.02252,-9.73363,2
9.81,1.9729,-9.80345,2,1.98994,-9.735,2
9.82,1.94348,-9.80933,2,1.9573,-9.73641,2
9.83,1.91404,-9.81511,2,1.92461,-9.73785,2
9.84,1.88459,-9.82081,2,1.89188,-9.73933,2
9.85,1.85512,-9.82642,2,1.8591,-9.74086,2
9.86,1.82563,-9.83194,2,1.82629,-9.74245,2
9.87,1.79613,-9.83737,2,1.79346,-9.7441,2
9.88,1.76661,-9.84272,2,1.76059,-9.74581,2
9.89,1.73707,-9.84797,2,1.72771,-9.7476,2
9.9,1.70752,-9.85314,2,1.69482,-9.74946,2
9.91,1.67795,-9.85822,2,1.66192,-9.75141,2
9.92,1.64837,-9.86321,2,1.62902,-9.75344,2
9.93,1.61877,-9.86811,2,1.59612,-9.75557,2
9.94,1.58916,-9.87292,2,1.56322,-9.75779,2
9.95,1.55953,-9.87764,2,1.53035,-9.7601,2
9.96,1.52989,-9.88228,2,1.49749,-9.76253,2
9.97,1.50024,-9.88682,2,1.46465,-9.76505,2
9.98,1.47057,-9.89128,2,1.43185,-9.76769,2
9.99,1.44089,-9.89565,2,1.39907,-9.77043,2
10,1.4112,-9.89992,2,1.36634,-9.77329,2
10.01,1.38149,-9.90411,2,1.33365,-9.77626,2
10.02,1.35178,-9.90821,2,1.30101,-9.77935,2
10.03,1.32204,-9.91222,2,1.26842,-9.78256,2
10.04,1.2923,-9.91615,2,1.23589,-9.78588,2
10.05,1.26255,-9.91998,2,1.20341,-9.78933,2
10.06,1.23278,-9.92372,2,1.17101,-9.79289,2
10.07,1.20301,-9.92738,2,1.13867,-9.79657,2
10.08,1.17322,-9.93094,2,1.10641,-9.80038,2
10.09,1.14342,-9.93441,2,1.07423,-9.8043,2
10.1,1.11361,-9.9378,2,1.04213,-9.80833,2
10.11,1.08379,-9.9411,2,1.01011,-9.81249,2
10.12,1.05397,-9.9443,2,0.978179,-9.81675,2
10.13,1.02413,-9.94742,2,0.94634,-9.82113,2
10.14,0.994281,-9.95045,2,0.914596,-9.82562,2
10.15,0.964425,-9.95339,2,0.882949,-9.83021,2
10.16,0.934561,-9.95623,2,0.851401,-9.83491,2
10.17,0.904688,-9.95899,2,0.819957,-9.83971,2
10.18,0.874807,-9.96166,2,0.788616,-9.8446,2
10.19,0.844918,-9.96424,2,0.757383,-9.84959,2
10.2,0.815022,-9.96673,2,0.726259,-9.85467,2
10.21,0.785118,-9.96913,2,0.695245,-9.85983,2
10.22,0.755207,-9.97144,2,0.664344,-9.86507,2
10.23,0.725289,-9.97366,2,0.633557,-9.87038,2
10.24,0.695365,-9.97579,2,0.602885,-9.87577,2
10.25,0.665434,-9.97784,2,0.572329,-9.88121,2
10.26,0.635498,-9.97979,2,0.54189,-9.88672,2
10.27,0.605556,-9.98165,2,0.511569,-9.89228,2
10.28,0.575608,-9.98342,2,0.481366,-9.89788,2
10.29,0.545655,-9.9851,2,0.451282,-9.90353,2
10.3,0.515698,-9.98669,2,0.421317,-9.9092,2
10.31,0.485735,-9.9882,2,0.39147,-9.91491,2
10.32,0.455769,-9.98961,2,0.361742,-9.92063,2
10.33,0.425798,-9.99093,2,0.332132,-9.92636,2
10.34,0.395823,-9.99216,2,0.30264,-9.9321,2
10.35,0.365845,-9.99331,2,0.273265,-9.93784,2
10.36,0.335863,-9.99436,2,0.244005,-9.94357,2
10.37,0.305879,-9.99532,2,0.21486,-9.94928,2
10.38,0.275892,-9.99619,2,0.185828,-9.95497,2
10.39,0.245902,-9.99698,2,0.156908,-9.96062,2
10.4,0.21591,-9.99767,2,0.128098,-9.96623,2
10.41,0.185916,-9.99827,2,0.0993964,-9.9718,2
10.42,0.15592,-9.99878,2,0.0708012,-9.97731,2
10.43,0.125923,-9.99921,2,0.0423101,-9.98275,2
10.44,0.0959251,-9.99954,2,0.013921,-9.98812,2
10.45,0.0659261,-9.99978,2,-0.0143689,-9.99341,2
10.46,0.0359265,-9.99994,2,-0.042562,-9.99861,2
10.47,0.00592654,-10,2,-0.0706611,-10.0037,2
10.48,-0.0240734,-9.99997,2,-0.0986692,-10.0087,2
10.49,-0.0540732,-9.99985,2,-0.126589,-10.0136,2
10.5,-0.0840725,-9.99965,2,-0.154424,-10.0183,2
10.51,-0.114071,-9.99935,2,-0.182178,-10.023,2
10.52,-0.144068,-9.99896,2,-0.209854,-10.0275,2
10.53,-0.174065,-9.99848,2,-0.237455,-10.0318,2
10.54,-0.204059,-9.99792,2,-0.264985,-10.036,2
10.55,-0.234052,-9.99726,2,-0.292448,-10.0401,2
10.56,-0.264043,-9.99651,2,-0.319847,-10.0439,2
10.57,-0.294031,-9.99568,2,-0.347187,-10.0476,2
10.58,-0.324017,-9.99475,2,-0.374472,-10.0511,2
10.59,-0.353999,-9.99373,2,-0.401705,-10.0544,2
10.6,-0.383979,-9.99263,2,-0.42889,-10.0576,2
10.61,-0.413955,-9.99143,2,-0.456033,-10.0605,2
10.62,-0.443928,-9.99014,2,-0.483137,-10.0632,2
10.63,-0.473896,-9.98876,2,-0.510206,-10.0657,2
10.64,-0.50386,-9.9873,2,-0.537245,-10.0679,2
10.65,-0.53382,-9.98574,2,-0.564258,-10.07,2
10.66,-0.563774,-9.9841,2,-0.59125,-10.0718,2
10.67,-0.593724,-9.98236,2,-0.618224,-10.0733,2
10.68,-0.623668,-9.98053,2,-0.645185,-10.0746,2
10.69,-0.653607,-9.97862,2,-0.672138,-10.0757,2
10.7,-0.68354,-9.97661,2,-0.699087,-10.0765,2
10.71,-0.713467,-9.97452,2,-0.726035,-10.0771,2
10.72,-0.743387,-9.97233,2,-0.752988,-10.0774,2
10.73,-0.773301,-9.97006,2,-0.77995,-10.0774,2
10.74,-0.803207,-9.96769,2,-0.806925,-10.0771,2
10.75,-0.833107,-9.96524,2,-0.833917,-10.0766,2
10.76,-0.862999,-9.96269,2,-0.86093,-10.0758,2
10.77,-0.892883,-9.96006,2,-0.887969,-10.0747,2
10.78,-0.922759,-9.95733,2,-0.915036,-10.0733,2
10.79,-0.952627,-9.95452,2,-0.942137,-10.0717,2
10.8,-0.982486,-9.95162,2,-0.969275,-10.0697,2
10.81,-1.01234,-9.94863,2,-0.996453,-10.0675,2
10.82,-1.04218,-9.94555,2,-1.02368,-10.065,2
10.83,-1.07201,-9.94237,2,-1.05095,-10.0622,2
10.84,-1.10183,-9.93911,2,-1.07827,-10.0591,2
10.85,-1.13164,-9.93576,2,-1.10565,-10.0557,2
10.86,-1.16145,-9.93232,2,-1.13308,-10.0521,2
10.87,-1.19124,-9.92879,2,-1.16058,-10.0481,2
10.88,-1.22102,-9.92518,2,-1.18814,-10.0439,2
10.89,-1.25079,-9.92147,2,-1.21576,-10.0394,2
10.9,-1.28055,-9.91767,2,-1.24346,-10.0345,2
10.91,-1.31029,-9.91378,2,-1.27123,-10.0295,2
10.92,-1.34003,-9.90981,2,-1.29907,-10.0241,2
10.93,-1.36975,-9.90574,2,-1.32699,-10.0184,2
10.94,-1.39946,-9.90159,2,-1.35499,-10.0125,2
10.95,-1.42916,-9.89735,2,-1.38306,-10.0063,2
10.96,-1.45885,-9.89302,2,-1.41123,-9.99989,2
10.97,-1.48852,-9.88859,2,-1.43947,-9.99317,2
10.98,-1.51818,-9.88408,2,-1.46781,-9.9862,2
10.99,-1.54783,-9.87949,2,-1.49623,-9.97898,2
11,-1.57746,-9.8748,2,-1.52474,-9.97151,2
11.01,-1.60707,-9.87002,2,-1.55334,-9.96379,2
11.02,-1.63668,-9.86516,2,-1.58203,-9.95584,2
11.03,-1.66627,-9.8602,2,-1.61081,-9.94765,2
11.04,-1.69584,-9.85516,2,-1.63968,-9.93923,2
11.05,-1.7254,-9.85003,2,-1.66865,-9.9306,2
11.06,-1.75494,-9.84481,2,-1.69771,-9.92175,2
11.07,-1.78446,-9.8395,2,-1.72686,-9.91269,2
11.08,-1.81398,-9.8341,2,-1.75611,-9.90342,2
11.09,-1.84347,-9.82861,2,-1.78544,-9.89397,2
11.1,-1.87295,-9.82304,2,-1.81487,-9.88432,2
11.11,-1.90241,-9.81737,2,-1.8444,-9.87449,2
11.12,-1.93185,-9.81162,2,-1.87401,-9.86448,2
11.13,-1.96128,-9.80578,2,-1.90372,-9.8543,2
11.14,-1.99069,-9.79986,2,-1.93351,-9.84397,2
11.15,-2.02008,-9.79384,2,-1.96339,-9.83347,2
11.16,-2.04945,-9.78774,2,-1.99336,-9.82284,2
11.17,-2.0788,-9.78154,2,-2.02341,-9.81206,2
11.18,-2.10814,-9.77526,2,-2.05355,-9.80115,2
11.19,-2.13745,-9.76889,2,-2.08377,-9.79011,2
11.2,-2.16675,-9.76244,2,-2.11407,-9.77896,2
11.21,-2.19603,-9.75589,2,-2.14445,-9.7677,2
11.22,-2.22529,-9.74926,2,-2.1749,-9.75634,2
11.23,-2.25452,-9.74254,2,-2.20543,-9.74488,2
11.24,-2.28374,-9.73573,2,-2.23602,-9.73334,2
11.25,-2.31294,-9.72884,2,-2.26669,-9.72172,2
11.26,-2.34211,-9.72186,2,-2.29742,-9.71003,2
11.27,-2.37127,-9.71479,2,-2.32821,-9.69827,2
11.28,-2.4004,-9.70763,2,-2.35907,-9.68645,2
11.29,-2.42951,-9.70038,2,-2.38998,-9.67459,2
11.3,-2.45861,-9.69305,2,-2.42094,-9.66268,2
11.31,-2.48767,-9.68563,2,-2.45196,-9.65074,2
11.32,-2.51672,-9.67813,2,-2.48302,-9.63877,2
11.33,-2.54574,-9.67053,2,-2.51412,-9.62678,2
11.34,-2.57474,-9.66285,2,-2.54527,-9.61477,2
11.35,-2.60372,-9.65508,2,-2.57645,-9.60276,2
11.36,-2.63267,-9.64723,2,-2.60766,-9.59075,2
11.37,-2.6616,-9.63929,2,-2.6389,-9.57874,2
11.38,-2.69051,-9.63126,2,-2.67016,-9.56674,2
11.39,-2.71939,-9.62315,2,-2.70145,-9.55476,2
11.4,-2.74825,-9.61494,2,-2.73275,-9.54281,2
11.41,-2.77708,-9.60666,2,-2.76406,-9.53088,2
11.42,-2.80589,-9.59828,2,-2.79538,-9.51899,2
11.43,-2.83467,-9.58982,2,-2.82671,-9.50714,2
11.44,-2.86343,-9.58127,2,-2.85803,-9.49533,2
11.45,-2.89216,-9.57264,2,-2.88935,-9.48358,2
11.46,-2.92086,-9.56392,2,-2.92067,-9.47188,2
11.47,-2.94954,-9.55511,2,-2.95196,-9.46024,2
11.48,-2.97819,-9.54622,2,-2.98325,-9.44867,2
11.49,-3.00682,-9.53725,2,-3.01451,-9.43716,2
11.5,-3.03542,-9.52818,2,-3.04574,-9.42572,2
11.51,-3.06399,-9.51903,2,-3.07694,-9.41436,2
11.52,-3.09253,-9.5098,2,-3.10811,-9.40308,2
11.53,-3.12104,-9.50048,2,-3.13924,-9.39188,2
11.54,-3.14953,-9.49107,2,-3.17033,-9.38076,2
11.55,-3.17799,-9.48158,2,-3.20137,-9.36973,2
11.56,-3.20642,-9.472,2,-3.23236,-9.35879,2
11.57,-3.23482,-9.46234,2,-3.2633,-9.34794,2
11.58,-3.2632,-9.4526,2,-3.29417,-9.33718,2
11.59,-3.29154,-9.44276,2,-3.32498,-9.32652,2
11.6,-3.31985,-9.43285,2,-3.35573,-9.31595,2
11.61,-3.34814,-9.42284,2,-3.3864,-9.30548,2
11.62,-3.37639,-9.41276,2,-3.417,-9.2951,2
11.63,-3.40461,-9.40259,2,-3.44752,-9.28482,2
11.64,-3.4328,-9.39233,2,-3.47795,-9.27463,2
11.65,-3.46097,-9.38199,2,-3.5083,-9.26454,2
11.66,-3.4891,-9.37156,2,-3.53857,-9.25455,2
11.67,-3.5172,-9.36105,2,-3.56874,-9.24464,2
11.68,-3.54526,-9.35046,2,-3.59881,-9.23484,2
11.69,-3.5733,-9.33978,2,-3.62878,-9.22512,2
11.7,-3.6013,-9.32902,2,-3.65865,-9.21549,2
11.71,-3.62927,-9.31818,2,-3.68842,-9.20595,2
11.72,-3.65721,-9.30725,2,-3.71808,-9.1965,2
11.73,-3.68512,-9.29623,2,-3.74763,-9.18713,2
11.74,-3.71299,-9.28513,2,-3.77706,-9.17784,2
11.75,-3.74083,-9.27395,2,-3.80638,-9.16862,2
11.76,-3.76863,-9.26269,2,-3.83558,-9.15948,2
11.77,-3.7964,-9.25134,2,-3.86466,-9.15041,2
11.78,-3.82414,-9.23991,2,-3.89362,-9.1414,2
11.79,-3.85184,-9.2284,2,-3.92246,-9.13246,2
11.8,-3.87951,-9.2168,2,-3.95116,-9.12357,2
11.81,-3.90714,-9.20512,2,-3.97975,-9.11474,2
11.82,-3.93474,-9.19336,2,-4.0082,-9.10595,2
11.83,-3.9623,-9.18151,2,-4.03652,-9.09721,2
11.84,-3.98983,-9.16958,2,-4.06471,-9.08851,2
11.85,-4.01732,-9.15757,2,-4.09277,-9.07983,2
11.86,-4.04477,-9.14548,2,-4.12069,-9.07119,2
11.87,-4.07219,-9.1333,2,-4.14848,-9.06257,2
11.88,-4.09957,-9.12105,2,-4.17614,-9.05397,2
11.89,-4.12692,-9.10871,2,-4.20366,-9.04537,2
11.9,-4.15423,-9.09629,2,-4.23104,-9.03678,2
11.91,-4.1815,-9.08378,2,-4.25829,-9.02819,2
11.92,-4.20873,-9.0712,2,-4.2854,-9.01959,2
11.93,-4.23592,-9.05853,2,-4.31238,-9.01097,2
11.94,-4.26308,-9.04578,2,-4.33922,-9.00234,2
11.95,-4.2902,-9.03295,2,-4.36592,-8.99367,2
11.96,-4.31728,-9.02004,2,-4.3925,-8.98498,2
11.97,-4.34432,-9.00705,2,-4.41894,-8.97624,2
11.98,-4.37132,-8.99397,2,-4.44524,-8.96745,2
11.99,-4.39828,-8.98082,2,-4.47142,-8.95861,2
12,-4.4252,-8.96758,2,-4.49746,-8.9497,2
12.01,-4.45209,-8.95427,2,-4.52338,-8.94073,2
12.02,-4.47893,-8.94087,2,-4.54916,-8.93168,2
12.03,-4.50573,-8.92739,2,-4.57482,-8.92255,2
12.04,-4.53249,-8.91384,2,-4.60036,-8.91334,2
12.05,-4.55922,-8.9002,2,-4.62578,-8.90402,2
12.06,-4.5859,-8.88648,2,-4.65107,-8.8946,2
12.07,-4.61253,-8.87268,2,-4.67624,-8.88508,2
12.08,-4.63913,-8.85881,2,-4.7013,-8.87543,2
12.09,-4.66569,-8.84485,2,-4.72625,-8.86567,2
12.1,-4.6922,-8.83081,2,-4.75108,-8.85577,2
12.11,-4.71867,-8.8167,2,-4.7758,-8.84574,2
12.12,-4.7451,-8.8025,2,-4.80042,-8.83557,2
12.13,-4.77149,-8.78823,2,-4.82493,-8.82525,2
12.14,-4.79783,-8.77387,2,-4.84934,-8.81477,2
12.15,-4.82413,-8.75944,2,-4.87366,-8.80413,2
12.16,-4.85039,-8.74493,2,-4.89787,-8.79333,2
12.17,-4.8766,-8.73034,2,-4.922,-8.78235,2
12.18,-4.90277,-8.71567,2,-4.94603,-8.77119,2
12.19,-4.92889,-8.70092,2,-4.96998,-8.75985,2
12.2,-4.95497,-8.68609,2,-4.99385,-8.74833,2
12.21,-4.98101,-8.67119,2,-5.01764,-8.7366,2
12.22,-5.007,-8.65621,2,-5.04135,-8.72468,2
12.23,-5.03295,-8.64115,2,-5.06499,-8.71256,2
12.24,-5.05885,-8.62601,2,-5.08855,-8.70023,2
12.25,-5.0847,-8.6108,2,-5.11206,-8.68769,2
12.26,-5.11051,-8.5955,2,-5.13549,-8.67493,2
12.27,-5.13628,-8.58013,2,-5.15887,-8.66195,2
12.28,-5.16199,-8.56468,2,-5.1822,-8.64875,2
12.29,-5.18766,-8.54916,2,-5.20547,-8.63532,2
12.3,-5.21329,-8.53356,2,-5.22869,-8.62166,2
12.31,-5.23887,-8.51788,2,-5.25186,-8.60778,2
12.32,-5.2644,-8.50213,2,-5.27499,-8.59365,2
12.33,-5.28988,-8.48629,2,-5.29809,-8.57929,2
12.34,-5.31531,-8.47039,2,-5.32114,-8.56469,2
12.35,-5.3407,-8.4544,2,-5.34417,-8.54985,2
12.36,-5.36604,-8.43834,2,-5.36717,-8.53477,2
12.37,-5.39133,-8.42221,2,-5.39014,-8.51944,2
12.38,-5.41657,-8.40599,2,-5.41309,-8.50388,2
12.39,-5.44177,-8.38971,2,-5.43602,-8.48806,2
12.4,-5.46691,-8.37334,2,-5.45893,-8.472,2
12.41,-5.49201,-8.35691,2,-5.48183,-8.4557,2
12.42,-5.51705,-8.34039,2,-5.50472,-8.43916,2
12.43,-5.54205,-8.3238,2,-5.5276,-8.42237,2
12.44,-5.56699,-8.30714,2,-5.55048,-8.40533,2
12.45,-5.59189,-8.2904,2,-5.57336,-8.38806,2
12.46,-5.61674,-8.27359,2,-5.59624,-8.37054,2
12.47,-5.64153,-8.2567,2,-5.61912,-8.35279,2
12.48,-5.66628,-8.23974,2,-5.64201,-8.3348,2
12.49,-5.69097,-8.2227,2,-5.66491,-8.31657,2
12.5,-5.71561,-8.20559,2,-5.68782,-8.29811,2
12.51,-5.7402,-8.18841,2,-5.71074,-8.27943,2
12.52,-5.76474,-8.17115,2,-5.73368,-8.26051,2
12.53,-5.78923,-8.15382,2,-5.75663,-8.24138,2
12.54,-5.81367,-8.13642,2,-5.77961,-8.22202,2
12.55,-5.83805,-8.11894,2,-5.8026,-8.20245,2
12.56,-5.86238,-8.10139,2,-5.82563,-8.18266,2
12.57,-5.88666,-8.08377,2,-5.84867,-8.16267,2
12.58,-5.91088,-8.06607,2,-5.87174,-8.14247,2
12.59,-5.93505,-8.0483,2,-5.89484,-8.12207,2
12.6,-5.95917,-8.03046,2,-5.91797,-8.10148,2
12.61,-5.98324,-8.01255,2,-5.94112,-8.0807,2
12.62,-6.00725,-7.99456,2,-5.96431,-8.05973,2
12.63,-6.0312,-7.9765,2,-5.98753,-8.03858,2
12.64,-6.05511,-7.95837,2,-6.01078,-8.01726,2
12.65,-6.07895,-7.94017,2,-6.03407,-7.99577,2
12.66,-6.10275,-7.9219,2,-6.05739,-7.97412,2
12.67,-6.12649,-7.90355,2,-6.08074,-7.95231,2
12.68,-6.15017,-7.88514,2,-6.10412,-7.93034,2
12.69,-6.1738,-7.86665,2,-6.12754,-7.90824,2
12.7,-6.19737,-7.8481,2,-6.151,-7.88599,2
12.71,-6.22088,-7.82947,2,-6.17448,-7.86361,2
12.72,-6.24435,-7.81077,2,-6.198,-7.8411,2
12.73,-6.26775,-7.792,2,-6.22155,-7.81847,2
12.74,-6.2911,-7.77317,2,-6.24514,-7.79572,2
12.75,-6.31439,-7.75426,2,-6.26875,-7.77287,2
12.76,-6.33762,-7.73528,2,-6.2924,-7.74991,2
12.77,-6.3608,-7.71623,2,-6.31607,-7.72687,2
12.78,-6.38392,-7.69711,2,-6.33977,-7.70373,2
12.79,-6.40698,-7.67793,2,-6.3635,-7.68051,2
12.8,-6.42999,-7.65867,2,-6.38726,-7.65721,2
12.81,-6.45293,-7.63935,2,-6.41103,-7.63384,2
12.82,-6.47582,-7.61995,2,-6.43483,-7.61042,2
12.83,-6.49865,-7.60049,2,-6.45865,-7.58693,2
12.84,-6.52143,-7.58096,2,-6.48249,-7.5634,2
12.85,-6.54414,-7.56136,2,-6.50635,-7.53982,2
12.86,-6.56679,-7.5417,2,-6.53021,-7.51621,2
12.87,-6.58939,-7.52196,2,-6.55409,-7.49256,2
12.88,-6.61193,-7.50216,2,-6.57798,-7.46889,2
12.89,-6.6344,-7.48229,2,-6.60188,-7.44521,2
12.9,-6.65682,-7.46236,2,-6.62578,-7.42151,2
12.91,-6.67918,-7.44235,2,-6.64968,-7.3978,2
12.92,-6.70147,-7.42228,2,-6.67359,-7.3741,2
12.93,-6.72371,-7.40214,2,-6.69749,-7.35039,2
12.94,-6.74589,-7.38194,2,-6.72138,-7.3267,2
12.95,-6.768,-7.36167,2,-6.74526,-7.30303,2
12.96,-6.79006,-7.34133,2,-6.76913,-7.27938,2
12.97,-6.81205,-7.32093,2,-6.79298,-7.25575,2
12.98,-6.83398,-7.30046,2,-6.81682,-7.23216,2
12.99,-6.85585,-7.27992,2,-6.84063,-7.2086,2
13,-6.87766,-7.25932,2,-6.86442,-7.18508,2
13.01,-6.89941,-7.23866,2,-6.88817,-7.16161,2
13.02,-6.92109,-7.21793,2,-6.9119,-7.13819,2
13.03,-6.94272,-7.19713,2,-6.93559,-7.11483,2
13.04,-6.96428,-7.17627,2,-6.95924,-7.09152,2
13.05,-6.98577,-7.15535,2,-6.98285,-7.06827,2
13.06,-7.00721,-7.13436,2,-7.00641,-7.04509,2
13.07,-7.02858,-7.1133,2,-7.02992,-7.02198,2
13.08,-7.04989,-7.09218,2,-7.05338,-6.99895,2
13.09,-7.07113,-7.071,2,-7.07678,-6.97598,2
13.1,-7.09231,-7.04976,2,-7.10012,-6.9531,2
13.11,-7.11343,-7.02845,2,-7.1234,-6.93029,2
13.12,-7.13448,-7.00708,2,-7.14661,-6.90757,2
13.13,-7.15547,-6.98564,2,-7.16975,-6.88493,2
13.14,-7.1764,-6.96414,2,-7.19281,-6.86238,2
13.15,-7.19726,-6.94258,2,-7.2158,-6.83991,2
13.16,-7.21805,-6.92096,2,-7.2387,-6.81753,2
13.17,-7.23878,-6.89928,2,-7.26152,-6.79525,2
13.18,-7.25945,-6.87753,2,-7.28425,-6.77305,2
13.19,-7.28005,-6.85572,2,-7.30689,-6.75095,2
13.2,-7.30058,-6.83385,2,-7.32944,-6.72894,2
13.21,-7.32105,-6.81192,2,-7.35188,-6.70702,2
13.22,-7.34146,-6.78992,2,-7.37423,-6.68519,2
13.23,-7.36179,-6.76787,2,-7.39646,-6.66345,2
13.24,-7.38206,-6.74575,2,-7.4186,-6.6418,2
13.25,-7.40227,-6.72357,2,-7.44062,-6.62024,2
13.26,-7.4224,-6.70134,2,-7.46253,-6.59877,2
13.27,-7.44247,-6.67904,2,-7.48432,-6.57739,2
13.28,-7.46248,-6.65668,2,-7.50599,-6.55609,2
13.29,-7.48241,-6.63427,2,-7.52754,-6.53488,2
13.3,-7.50228,-6.61179,2,-7.54896,-6.51375,2
13.31,-7.52208,-6.58925,2,-7.57026,-6.49269,2
13.32,-7.54182,-6.56666,2,-7.59143,-6.47172,2
13.33,-7.56148,-6.544,2,-7.61247,-6.45081,2
13.34,-7.58108,-6.52129,2,-7.63337,-6.42998,2
13.35,-7.60061,-6.49851,2,-7.65414,-6.40922,2
13.36,-7.62007,-6.47568,2,-7.67477,-6.38852,2
13.37,-7.63947,-6.45279,2,-7.69526,-6.36788,2
13.38,-7.65879,-6.42985,2,-7.71561,-6.34731,2
13.39,-7.67805,-6.40684,2,-7.73582,-6.32678,2
13.4,-7.69723,-6.38378,2,-7.75588,-6.3063,2
13.41,-7.71635,-6.36066,2,-7.77579,-6.28587,2
13.42,-7.7354,-6.33748,2,-7.79556,-6.26548,2
13.43,-7.75437,-6.31425,2,-7.81518,-6.24513,2
13.44,-7.77328,-6.29095,2,-7.83465,-6.22481,2
13.45,-7.79212,-6.26761,2,-7.85397,-6.20452,2
13.46,-7.81089,-6.2442,2,-7.87314,-6.18424,2
13.47,-7.82958,-6.22074,2,-7.89215,-6.16399,2
13.48,-7.84821,-6.19722,2,-7.91102,-6.14375,2
13.49,-7.86677,-6.17365,2,-7.92973,-6.12352,2
13.5,-7.88525,-6.15002,2,-7.94829,-6.10328,2
13.51,-7.90367,-6.12634,2,-7.9667,-6.08305,2
13.52,-7.92201,-6.1026,2,-7.98495,-6.0628,2
13.53,-7.94028,-6.07881,2,-8.00305,-6.04254,2
13.54,-7.95848,-6.05496,2,-8.021,-6.02226,2
13.55,-7.97661,-6.03106,2,-8.03879,-6.00196,2
13.56,-7.99467,-6.0071,2,-8.05644,-5.98162,2
13.57,-8.01265,-5.98309,2,-8.07393,-5.96125,2
13.58,-8.03057,-5.95902,2,-8.09127,-5.94083,2
13.59,-8.04841,-5.93491,2,-8.10847,-5.92037,2
13.6,-8.06618,-5.91073,2,-8.12551,-5.89985,2
13.61,-8.08387,-5.88651,2,-8.14241,-5.87928,2
13.62,-8.1015,-5.86223,2,-8.15916,-5.85863,2
13.63,-8.11905,-5.8379,2,-8.17577,-5.83792,2
13.64,-8.13652,-5.81352,2,-8.19223,-5.81713,2
13.65,-8.15393,-5.78908,2,-8.20855,-5.79626,2
13.66,-8.17126,-5.76459,2,-8.22474,-5.7753,2
13.67,-8.18852,-5.74005,2,-8.24078,-5.75425,2
13.68,-8.2057,-5.71546,2,-8.25669,-5.7331,2
13.69,-8.22281,-5.69082,2,-8.27246,-5.71185,2
13.7,-8.23984,-5.66613,2,-8.2881,-5.69049,2
13.71,-8.2568,-5.64138,2,-8.30361,-5.66901,2
13.72,-8.27369,-5.61658,2,-8.31899,-5.64742,2
13.73,-8.2905,-5.59174,2,-8.33425,-5.6257,2
13.74,-8.30724,-5.56684,2,-8.34938,-5.60386,2
13.75,-8.32391,-5.5419,2,-8.36439,-5.58188,2
13.76,-8.34049,-5.5169,2,-8.37928,-5.55977,2
13.77,-8.35701,-5.49185,2,-8.39406,-5.53752,2
13.78,-8.37344,-5.46676,2,-8.40872,-5.51512,2
13.79,-8.38981,-5.44161,2,-8.42327,-5.49257,2
13.8,-8.40609,-5.41642,2,-8.43772,-5.46987,2
13.81,-8.42231,-5.39118,2,-8.45206,-5.44701,2
13.82,-8.43844,-5.36588,2,-8.46629,-5.424,2
13.83,-8.4545,-5.34054,2,-8.48043,-5.40082,2
13.84,-8.47048,-5.31516,2,-8.49447,-5.37747,2
13.85,-8.48639,-5.28972,2,-8.50842,-5.35396,2
13.86,-8.50222,-5.26424,2,-8.52227,-5.33027,2
13.87,-8.51798,-5.23871,2,-8.53604,-5.30641,2
13.88,-8.53365,-5.21313,2,-8.54972,-5.28237,2
13.89,-8.54926,-5.18751,2,-8.56332,-5.25816,2
13.9,-8.56478,-5.16184,2,-8.57684,-5.23377,2
13.91,-8.58023,-5.13612,2,-8.59029,-5.20919,2
13.92,-8.5956,-5.11035,2,-8.60366,-5.18444,2
13.93,-8.61089,-5.08454,2,-8.61696,-5.15949,2
13.94,-8.6261,-5.05869,2,-8.63019,-5.13437,2
13.95,-8.64124,-5.03279,2,-8.64336,-5.10906,2
13.96,-8.6563,-5.00684,2,-8.65647,-5.08356,2
13.97,-8.67128,-4.98085,2,-8.66952,-5.05788,2
13.98,-8.68619,-4.95481,2,-8.68251,-5.03201,2
13.99,-8.70101,-4.92873,2,-8.69545,-5.00596,2
14,-8.71576,-4.90261,2,-8.70834,-4.97972,2
14.01,-8.73043,-4.87644,2,-8.72118,-4.9533,2
14.02,-8.74502,-4.85023,2,-8.73397,-4.92669,2
14.03,-8.75953,-4.82397,2,-8.74672,-4.89991,2
14.04,-8.77396,-4.79767,2,-8.75943,-4.87294,2
14.05,-8.78831,-4.77133,2,-8.77211,-4.84579,2
14.06,-8.80259,-4.74494,2,-8.78475,-4.81847,2
14.07,-8.81678,-4.71851,2,-8.79735,-4.79097,2
14.08,-8.8309,-4.69204,2,-8.80992,-4.7633,2
14.09,-8.84494,-4.66552,2,-8.82247,-4.73545,2
14.1,-8.85889,-4.63897,2,-8.83498,-4.70744,2
14.11,-8.87277,-4.61237,2,-8.84748,-4.67927,2
14.12,-8.88657,-4.58573,2,-8.85995,-4.65093,2
14.13,-8.90028,-4.55905,2,-8.87239,-4.62244,2
14.14,-8.91392,-4.53233,2,-8.88482,-4.59379,2
14.15,-8.92748,-4.50557,2,-8.89723,-4.56498,2
14.16,-8.94095,-4.47877,2,-8.90963,-4.53603,2
14.17,-8.95435,-4.45192,2,-8.922,-4.50694,2
14.18,-8.96767,-4.42504,2,-8.93437,-4.4777,2
14.19,-8.9809,-4.39812,2,-8.94672,-4.44833,2
14.2,-8.99405,-4.37115,2,-8.95906,-4.41883,2
14.21,-9.00713,-4.34415,2,-8.97139,-4.3892,2
14.22,-9.02012,-4.31711,2,-8.98371,-4.35945,2
14.23,-9.03303,-4.29003,2,-8.99602,-4.32958,2
14.24,-9.04586,-4.26291,2,-9.00832,-4.2996,2
14.25,-9.05861,-4.23576,2,-9.02062,-4.26951,2
14.26,-9.07127,-4.20856,2,-9.03291,-4.23932,2
14.27,-9.08386,-4.18133,2,-9.04518,-4.20903,2
14.28,-9.09636,-4.15406,2,-9.05746,-4.17864,2
14.29,-9.10878,-4.12675,2,-9.06972,-4.14817,2
14.3,-9.12112,-4.09941,2,-9.08198,-4.11762,2
14.31,-9.13338,-4.07202,2,-9.09423,-4.08699,2
14.32,-9.14555,-4.04461,2,-9.10648,-4.05629,2
14.33,-9.15765,-4.01715,2,-9.11871,-4.02552,2
14.34,-9.16966,-3.98966,2,-9.13094,-3.99469,2
14.35,-9.18158,-3.96213,2,-9.14316,-3.96381,2
14.36,-9.19343,-3.93457,2,-9.15536,-3.93288,2
14.37,-9.20519,-3.90697,2,-9.16756,-3.9019,2
14.38,-9.21687,-3.87934,2,-9.17974,-3.87089,2
14.39,-9.22847,-3.85167,2,-9.19192,-3.83984,2
14.4,-9.23998,-3.82397,2,-9.20407,-3.80877,2
14.41,-9.25141,-3.79623,2,-9.21622,-3.77768,2
14.42,-9.26276,-3.76846,2,-9.22834,-3.74657,2
14.43,-9.27402,-3.74066,2,-9.24045,-3.71544,2
14.44,-9.2852,-3.71282,2,-9.25253,-3.68432,2
14.45,-9.2963,-3.68494,2,-9.2646,-3.65319,2
14.46,-9.30731,-3.65704,2,-9.27664,-3.62207,2
14.47,-9.31824,-3.6291,2,-9.28866,-3.59096,2
14.48,-9.32909,-3.60113,2,-9.30064,-3.55986,2
14.49,-9.33985,-3.57313,2,-9.3126,-3.52879,2
14.5,-9.35053,-3.54509,2,-9.32453,-3.49774,2
14.51,-9.36112,-3.51702,2,-9.33642,-3.46672,2
14.52,-9.37163,-3.48892,2,-9.34828,-3.43573,2
14.53,-9.38205,-3.46079,2,-9.3601,-3.40479,2
14.54,-9.39239,-3.43263,2,-9.37187,-3.37389,2
14.55,-9.40265,-3.40444,2,-9.38361,-3.34304,2
14.56,-9.41282,-3.37622,2,-9.39529,-3.31224,2
14.57,-9.42291,-3.34796,2,-9.40693,-3.2815,2
14.58,-9.43291,-3.31968,2,-9.41852,-3.25082,2
14.59,-9.44282,-3.29137,2,-9.43005,-3.2202,2
14.6,-9.45266,-3.26302,2,-9.44152,-3.18966,2
14.61,-9.4624,-3.23465,2,-9.45294,-3.15918,2
14.62,-9.47206,-3.20625,2,-9.46429,-3.12878,2
14.63,-9.48164,-3.17782,2,-9.47558,-3.09846,2
14.64,-9.49113,-3.14936,2,-9.4868,-3.06822,2
14.65,-9.50054,-3.12087,2,-9.49794,-3.03806,2
14.66,-9.50986,-3.09235,2,-9.50901,-3.00799,2
14.67,-9.51909,-3.06381,2,-9.52001,-2.97801,2
14.68,-9.52824,-3.03524,2,-9.53093,-2.94812,2
14.69,-9.5373,-3.00664,2,-9.54176,-2.91832,2
14.7,-9.54628,-2.97802,2,-9.5525,-2.88862,2
14.71,-9.55517,-2.94936,2,-9.56316,-2.85902,2
14.72,-9.56397,-2.92069,2,-9.57373,-2.82951,2
14.73,-9.57269,-2.89198,2,-9.5842,-2.80011,2
14.74,-9.58133,-2.86325,2,-9.59457,-2.7708,2
14.75,-9.58987,-2.83449,2,-9.60484,-2.7416,2
14.76,-9.59833,-2.80571,2,-9.61501,-2.7125,2
14.77,-9.60671,-2.7769,2,-9.62507,-2.6835,2
14.78,-9.61499,-2.74807,2,-9.63503,-2.6546,2
14.79,-9.62319,-2.71921,2,-9.64487,-2.62581,2
14.8,-9.63131,-2.69033,2,-9.6546,-2.59712,2
14.81,-9.63934,-2.66143,2,-9.66421,-2.56853,2
14.82,-9.64728,-2.6325,2,-9.6737,-2.54005,2
14.83,-9.65513,-2.60354,2,-9.68307,-2.51166,2
14.84,-9.6629,-2.57456,2,-9.69232,-2.48338,2
14.85,-9.67058,-2.54556,2,-9.70143,-2.45519,2
14.86,-9.67817,-2.51654,2,-9.71042,-2.4271,2
14.87,-9.68568,-2.4875,2,-9.71928,-2.39911,2
14.88,-9.6931,-2.45843,2,-9.72801,-2.37121,2
14.89,-9.70043,-2.42934,2,-9.7366,-2.3434,2
14.9,-9.70767,-2.40022,2,-9.74505,-2.31569,2
14.91,-9.71483,-2.37109,2,-9.75336,-2.28806,2
14.92,-9.7219,-2.34194,2,-9.76153,-2.26052,2
14.93,-9.72888,-2.31276,2,-9.76956,-2.23306,2
14.94,-9.73578,-2.28356,2,-9.77744,-2.20568,2
14.95,-9.74258,-2.25434,2,-9.78518,-2.17837,2
14.96,-9.7493,-2.22511,2,-9.79277,-2.15114,2
14.97,-9.75593,-2.19585,2,-9.80021,-2.12399,2
14.98,-9.76248,-2.16657,2,-9.8075,-2.0969,2
14.99,-9.76893,-2.13727,2,-9.81464,-2.06987,2
15,-9.7753,-2.10796,2,-9.82163,-2.0429,2
15.01,-9.78158,-2.07862,2,-9.82847,-2.01599,2
15.02,-9.78777,-2.04927,2,-9.83515,-1.98914,2
15.03,-9.79388,-2.0199,2,-9.84167,-1.96233,2
15.04,-9.79989,-1.99051,2,-9.84804,-1.93557,2
15.05,-9.80582,-1.9611,2,-9.85426,-1.90884,2
15.06,-9.81166,-1.93167,2,-9.86032,-1.88216,2
15.07,-9.81741,-1.90223,2,-9.86622,-1.8555,2
15.08,-9.82307,-1.87277,2,-9.87196,-1.82888,2
15.09,-9.82865,-1.84329,2,-9.87755,-1.80228,2
15.1,-9.83413,-1.81379,2,-9.88298,-1.77569,2
15.11,-9.83953,-1.78428,2,-9.88826,-1.74912,2
15.12,-9.84484,-1.75476,2,-9.89338,-1.72256,2
15.13,-9.85006,-1.72521,2,-9.89834,-1.69601,2
15.14,-9.85519,-1.69566,2,-9.90315,-1.66946,2
15.15,-9.86023,-1.66608,2,-9.9078,-1.6429,2
15.16,-9.86519,-1.6365,2,-9.9123,-1.61634,2
15.17,-9.87005,-1.60689,2,-9.91665,-1.58976,2
15.18,-9.87483,-1.57728,2,-9.92084,-1.56316,2
15.19,-9.87951,-1.54764,2,-9.92488,-1.53655,2
15.2,-9.88411,-1.518,2,-9.92877,-1.5099,2
15.21,-9.88862,-1.48834,2,-9.93252,-1.48323,2
15.22,-9.89304,-1.45867,2,-9.93611,-1.45651,2
15.23,-9.89737,-1.42898,2,-9.93956,-1.42976,2
15.24,-9.90162,-1.39928,2,-9.94286,-1.40297,2
15.25,-9.90577,-1.36957,2,-9.94603,-1.37612,2
15.26,-9.90983,-1.33985,2,-9.94904,-1.34922,2
15.27,-9.91381,-1.31011,2,-9.95192,-1.32226,2
15.28,-9.91769,-1.28037,2,-9.95466,-1.29525,2
15.29,-9.92149,-1.25061,2,-9.95727,-1.26816,2
15.3,-9.9252,-1.22084,2,-9.95974,-1.24101,2
15.31,-9.92882,-1.19106,2,-9.96207,-1.21379,2
15.32,-9.93234,-1.16126,2,-9.96428,-1.18648,2
15.33,-9.93578,-1.13146,2,-9.96636,-1.1591,2
15.34,-9.93913,-1.10165,2,-9.96831,-1.13163,2
15.35,-9.94239,-1.07183,2,-9.97014,-1.10408,2
15.36,-9.94556,-1.04199,2,-9.97184,-1.07644,2
15.37,-9.94865,-1.01215,2,-9.97343,-1.0487,2
15.38,-9.95164,-0.982303,2,-9.9749,-1.02086,2
15.39,-9.95454,-0.952444,2,-9.97626,-0.992929,2
15.4,-9.95735,-0.922576,2,-9.9775,-0.964894,2
15.41,-9.96007,-0.8927,2,-9.97863,-0.936755,2
15.42,-9.96271,-0.862816,2,-9.97966,-0.908509,2
15.43,-9.96525,-0.832924,2,-9.98058,-0.880154,2
15.44,-9.96771,-0.803024,2,-9.9814,-0.851689,2
15.45,-9.97007,-0.773118,2,-9.98212,-0.823112,2
15.46,-9.97234,-0.743204,2,-9.98274,-0.79442,2
15.47,-9.97453,-0.713284,2,-9.98327,-0.765614,2
15.48,-9.97662,-0.683357,2,-9.98371,-0.73669,2
15.49,-9.97863,-0.653424,2,-9.98406,-0.707649,2
15.5,-9.98054,-0.623485,2,-9.98432,-0.678489,2
15.51,-9.98237,-0.593541,2,-9.98449,-0.649209,2
15.52,-9.98411,-0.563591,2,-9.98459,-0.61981,2
15.53,-9.98575,-0.533636,2,-9.9846,-0.590291,2
15.54,-9.98731,-0.503677,2,-9.98454,-0.560651,2
15.55,-9.98877,-0.473712,2,-9.9844,-0.530891,2
15.56,-9.99015,-0.443744,2,-9.9842,-0.50101,2
15.57,-9.99144,-0.413772,2,-9.98392,-0.47101,2
15.58,-9.99263,-0.383796,2,-9.98357,-0.440891,2
15.59,-9.99374,-0.353816,2,-9.98316,-0.410653,2
15.6,-9.99476,-0.323833,2,-9.98269,-0.380298,2
15.61,-9.99568,-0.293847,2,-9.98216,-0.349826,2
15.62,-9.99652,-0.263859,2,-9.98157,-0.31924,2
15.63,-9.99726,-0.233868,2,-9.98092,-0.28854,2
15.64,-9.99792,-0.203876,2,-9.98022,-0.257728,2
15.65,-9.99849,-0.173881,2,-9.97947,-0.226806,2
15.66,-9.99896,-0.143885,2,-9.97867,-0.195776,2
15.67,-9.99935,-0.113887,2,-9.97782,-0.16464,2
15.68,-9.99965,-0.0838888,2,-9.97692,-0.1334,2
15.69,-9.99985,-0.0538895,2,-9.97598,-0.10206,2
15.7,-9.99997,-0.0238898,2,-9.97499,-0.0706207,2
15.71,-10,0.0061102,2,-9.97397,-0.0390859,2
15.72,-9.99993,0.0361101,2,-9.9729,-0.00745836,2
15.73,-9.99978,0.0661097,2,-9.9718,0.0242589,2
15.74,-9.99954,0.0961087,2,-9.97065,0.0560627,2
15.75,-9.9992,0.126107,2,-9.96948,0.0879496,2
15.76,-9.99878,0.156104,2,-9.96826,0.119916,2
15.77,-9.99827,0.186099,2,-9.96702,0.151959,2
15.78,-9.99766,0.216093,2,-9.96574,0.184075,2
15.79,-9.99697,0.246085,2,-9.96442,0.216259,2
15.8,-9.99619,0.276075,2,-9.96308,0.248507,2
15.81,-9.99532,0.306062,2,-9.96171,0.280817,2
15.82,-9.99435,0.336047,2,-9.96031,0.313184,2
15.83,-9.9933,0.366028,2,-9.95887,0.345603,2
15.84,-9.99216,0.396007,2,-9.95741,0.37807,2
15.85,-9.99092,0.425981,2,-9.95592,0.410581,2
15.86,-9.9896,0.455952,2,-9.9544,0.443133,2
15.87,-9.98819,0.485919,2,-9.95285,0.475719,2
15.88,-9.98668,0.515881,2,-9.95128,0.508336,2
15.89,-9.98509,0.545839,2,-9.94967,0.540979,2
15.9,-9.98341,0.575792,2,-9.94804,0.573644,2
15.91,-9.98164,0.605739,2,-9.94638,0.606326,2
15.92,-9.97978,0.635681,2,-9.94469,0.63902,2
15.93,-9.97782,0.665618,2,-9.94296,0.671722,2
15.94,-9.97578,0.695548,2,-9.94121,0.704428,2
15.95,-9.97365,0.725472,2,-9.93943,0.737131,2
15.96,-9.97143,0.75539,2,-9.93761,0.769829,2
15.97,-9.96912,0.785301,2,-9.93576,0.802516,2
15.98,-9.96672,0.815205,2,-9.93388,0.835187,2
15.99,-9.96423,0.845101,2,-9.93196,0.867838,2
16,-9.96165,0.87499,2,-9.93001,0.900464,2
16.01,-9.95898,0.904871,2,-9.92802,0.933061,2
16.02,-9.95622,0.934744,2,-9.92599,0.965625,2
16.03,-9.95337,0.964608,2,-9.92392,0.99815,2
16.04,-9.95043,0.994464,2,-9.92181,1.03063,2
16.05,-9.9474,1.02431,2,-9.91966,1.06307,2
16.06,-9.94428,1.05415,2,-9.91746,1.09545,2
16.07,-9.94108,1.08398,2,-9.91522,1.12778,2
16.08,-9.93778,1.11379,2,-9.91292,1.16005,2
16.09,-9.93439,1.1436,2,-9.91058,1.19226,2
16.1,-9.93092,1.1734,2,-9.90819,1.2244,2
16.11,-9.92735,1.20319,2,-9.90575,1.25646,2
16.12,-9.9237,1.23296,2,-9.90324,1.28846,2
16.13,-9.91996,1.26273,2,-9.90069,1.32037,2
16.14,-9.91612,1.29248,2,-9.89807,1.3522,2
16.15,-9.9122,1.32223,2,-9.89539,1.38395,2
16.16,-9.90819,1.35196,2,-9.89264,1.41561,2
16.17,-9.90409,1.38168,2,-9.88984,1.44717,2
16.18,-9.8999,1.41138,2,-9.88696,1.47864,2
16.19,-9.89562,1.44108,2,-9.88401,1.51001,2
16.2,-9.89125,1.47076,2,-9.88099,1.54128,2
16.21,-9.8868,1.50042,2,-9.8779,1.57245,2
16.22,-9.88225,1.53008,2,-9.87473,1.60352,2
16.23,-9.87762,1.55972,2,-9.87148,1.63447,2
16.24,-9.87289,1.58934,2,-9.86814,1.66532,2
16.25,-9.86808,1.61895,2,-9.86473,1.69605,2
16.26,-9.86318,1.64855,2,-9.86122,1.72667,2
16.27,-9.85819,1.67813,2,-9.85763,1.75717,2
16.28,-9.85311,1.7077,2,-9.85395,1.78756,2
16.29,-9.84794,1.73725,2,-9.85018,1.81783,2
16.3,-9.84269,1.76679,2,-9.84631,1.84798,2
16.31,-9.83734,1.79631,2,-9.84234,1.87801,2
16.32,-9.83191,1.82581,2,-9.83827,1.90791,2
16.33,-9.82639,1.8553,2,-9.8341,1.9377,2
16.34,-9.82078,1.88477,2,-9.82982,1.96736,2
16.35,-9.81508,1.91422,2,-9.82544,1.9969,2
16.36,-9.80929,1.94366,2,-9.82095,2.02632,2
16.37,-9.80342,1.97308,2,-9.81635,2.05562,2
16.38,-9.79745,2.00248,2,-9.81164,2.08479,2
16.39,-9.7914,2.03186,2,-9.80681,2.11384,2
16.4,-9.78526,2.06123,2,-9.80187,2.14277,2
16.41,-9.77903,2.09057,2,-9.7968,2.17158,2
16.42,-9.77272,2.1199,2,-9.79162,2.20027,2
16.43,-9.76631,2.14921,2,-9.78632,2.22884,2
16.44,-9.75982,2.1785,2,-9.78089,2.2573,2
16.45,-9.75324,2.20777,2,-9.77533,2.28563,2
16.46,-9.74658,2.23702,2,-9.76965,2.31386,2
16.47,-9.73982,2.26625,2,-9.76384,2.34196,2
16.48,-9.73298,2.29546,2,-9.7579,2.36996,2
16.49,-9.72605,2.32465,2,-9.75183,2.39785,2
16.5,-9.71903,2.35381,2,-9.74563,2.42563,2
16.51,-9.71193,2.38296,2,-9.73929,2.45331,2
16.52,-9.70473,2.41209,2,-9.73282,2.48088,2
16.53,-9.69745,2.44119,2,-9.72622,2.50836,2
16.54,-9.69009,2.47027,2,-9.71947,2.53573,2
16.55,-9.68263,2.49933,2,-9.71259,2.56301,2
16.56,-9.67509,2.52837,2,-9.70557,2.5902,2
16.57,-9.66746,2.55738,2,-9.69841,2.6173,2
16.58,-9.65975,2.58637,2,-9.69111,2.64431,2
16.59,-9.65194,2.61534,2,-9.68367,2.67124,2
16.6,-9.64405,2.64428,2,-9.67609,2.69809,2
16.61,-9.63608,2.6732,2,-9.66837,2.72487,2
16.62,-9.62801,2.7021,2,-9.66051,2.75157,2
16.63,-9.61986,2.73097,2,-9.65251,2.7782,2
16.64,-9.61163,2.75982,2,-9.64436,2.80476,2
16.65,-9.60331,2.78864,2,-9.63608,2.83126,2
16.66,-9.5949,2.81744,2,-9.62765,2.85771,2
16.67,-9.5864,2.84621,2,-9.61908,2.88409,2
16.68,-9.57782,2.87496,2,-9.61037,2.91043,2
16.69,-9.56915,2.90368,2,-9.60152,2.93671,2
16.7,-9.5604,2.93237,2,-9.59253,2.96295,2
16.71,-9.55156,2.96104,2,-9.5834,2.98915,2
16.72,-9.54263,2.98968,2,-9.57413,3.01532,2
16.73,-9.53362,3.01829,2,-9.56472,3.04145,2
16.74,-9.52452,3.04688,2,-9.55518,3.06755,2
16.75,-9.51534,3.07544,2,-9.5455,3.09362,2
16.76,-9.50607,3.10397,2,-9.53568,3.11968,2
16.77,-9.49671,3.13248,2,-9.52573,3.14571,2
16.78,-9.48727,3.16095,2,-9.51565,3.17173,2
16.79,-9.47775,3.1894,2,-9.50543,3.19774,2
16.8,-9.46814,3.21782,2,-9.49508,3.22374,2
16.81,-9.45844,3.24621,2,-9.48461,3.24974,2
16.82,-9.44866,3.27457,2,-9.474,3.27573,2
16.83,-9.43879,3.3029,2,-9.46327,3.30173,2
16.84,-9.42884,3.3312,2,-9.45241,3.32774,2
16.85,-9.41881,3.35948,2,-9.44143,3.35376,2
16.86,-9.40869,3.38772,2,-9.43033,3.37978,2
16.87,-9.39848,3.41593,2,-9.41911,3.40583,2
16.88,-9.38819,3.44411,2,-9.40777,3.43189,2
16.89,-9.37782,3.47226,2,-9.39631,3.45798,2
16.9,-9.36736,3.50037,2,-9.38474,3.48409,2
16.91,-9.35681,3.52846,2,-9.37306,3.51023,2
16.92,-9.34619,3.55651,2,-9.36126,3.5364,2
16.93,-9.33547,3.58454,2,-9.34936,3.56261,2
16.94,-9.32468,3.61253,2,-9.33735,3.58885,2
16.95,-9.3138,3.64049,2,-9.32523,3.61513,2
16.96,-9.30284,3.66841,2,-9.31301,3.64144,2
16.97,-9.29179,3.6963,2,-9.30069,3.66781,2
16.98,-9.28066,3.72416,2,-9.28828,3.69421,2
16.99,-9.26944,3.75199,2,-9.27576,3.72066,2
17,-9.25815,3.77978,2,-9.26315,3.74716,2
17.01,-9.24677,3.80753,2,-9.25045,3.77371,2
17.02,-9.2353,3.83526,2,-9.23766,3.80031,2
17.03,-9.22375,3.86295,2,-9.22479,3.82697,2
17.04,-9.21212,3.8906,2,-9.21182,3.85367,2
17.05,-9.20041,3.91822,2,-9.19878,3.88044,2
17.06,-9.18861,3.9458,2,-9.18565,3.90725,2
17.07,-9.17674,3.97335,2,-9.17244,3.93413,2
17.08,-9.16477,4.00086,2,-9.15916,3.96106,2
17.09,-9.15273,4.02834,2,-9.1458,3.98805,2
17.1,-9.1406,4.05578,2,-9.13237,4.01509,2
17.11,-9.1284,4.08318,2,-9.11887,4.04219,2
17.12,-9.11611,4.11055,2,-9.1053,4.06935,2
17.13,-9.10373,4.13788,2,-9.09166,4.09657,2
17.14,-9.09128,4.16517,2,-9.07796,4.12385,2
17.15,-9.07874,4.19243,2,-9.0642,4.15118,2
17.16,-9.06612,4.21964,2,-9.05038,4.17857,2
17.17,-9.05342,4.24682,2,-9.0365,4.20601,2
17.18,-9.04064,4.27396,2,-9.02256,4.23351,2
17.19,-9.02778,4.30107,2,-9.00857,4.26106,2
17.2,-9.01484,4.32813,2,-8.99452,4.28867,2
17.21,-9.00181,4.35516,2,-8.98042,4.31632,2
17.22,-8.98871,4.38214,2,-8.96628,4.34403,2
17.23,-8.97552,4.40909,2,-8.95209,4.37178,2
17.24,-8.96225,4.436,2,-8.93784,4.39958,2
17.25,-8.9489,4.46286,2,-8.92356,4.42742,2
17.26,-8.93547,4.48969,2,-8.90923,4.4553,2
17.27,-8.92196,4.51647,2,-8.89486,4.48323,2
17.28,-8.90838,4.54322,2,-8.88045,4.51119,2
17.29,-8.89471,4.56992,2,-8.866,4.53918,2
17.3,-8.88096,4.59659,2,-8.85151,4.56721,2
17.31,-8.86713,4.62321,2,-8.83699,4.59527,2
17.32,-8.85322,4.64979,2,-8.82242,4.62336,2
17.33,-8.83923,4.67633,2,-8.80783,4.65147,2
17.34,-8.82516,4.70283,2,-8.7932,4.67961,2
17.35,-8.81101,4.72928,2,-8.77853,4.70776,2
17.36,-8.79678,4.75569,2,-8.76383,4.73593,2
17.37,-8.78248,4.78206,2,-8.7491,4.76411,2
17.38,-8.76809,4.80839,2,-8.73434,4.7923,2
17.39,-8.75363,4.83467,2,-8.71955,4.82049,2
17.4,-8.73908,4.86091,2,-8.70473,4.84869,2
17.41,-8.72446,4.8871,2,-8.68988,4.87689,2
17.42,-8.70976,4.91326,2,-8.675,4.90508,2
17.43,-8.69498,4.93936,2,-8.66009,4.93326,2
17.44,-8.68012,4.96543,2,-8.64514,4.96143,2
17.45,-8.66519,4.99144,2,-8.63017,4.98959,2
17.46,-8.65018,5.01742,2,-8.61517,5.01772,2
17.47,-8.63508,5.04334,2,-8.60014,5.04584,2
17.48,-8.61992,5.06923,2,-8.58508,5.07392,2
17.49,-8.60467,5.09506,2,-8.56999,5.10198,2
17.5,-8.58934,5.12085,2,-8.55487,5.13,2
17.51,-8.57394,5.1466,2,-8.53972,5.15799,2
17.52,-8.55847,5.1723,2,-8.52454,5.18593,2
17.53,-8.54291,5.19795,2,-8.50933,5.21382,2
17.54,-8.52728,5.22356,2,-8.49408,5.24167,2
17.55,-8.51157,5.24911,2,-8.4788,5.26946,2
17.56,-8.49578,5.27463,2,-8.46348,5.29719,2
17.57,-8.47992,5.30009,2,-8.44813,5.32487,2
17.58,-8.46398,5.3255,2,-8.43274,5.35247,2
17.59,-8.44797,5.35087,2,-8.41732,5.38001,2
17.6,-8.43188,5.37619,2,-8.40186,5.40748,2
17.61,-8.41571,5.40146,2,-8.38636,5.43487,2
17.62,-8.39947,5.42669,2,-8.37082,5.46218,2
17.63,-8.38315,5.45186,2,-8.35524,5.48941,2
17.64,-8.36676,5.47699,2,-8.33961,5.51655,2
17.65,-8.35029,5.50206,2,-8.32394,5.5436,2
17.66,-8.33375,5.52709,2,-8.30823,5.57056,2
17.67,-8.31713,5.55206,2,-8.29247,5.59742,2
17.68,-8.30043,5.57699,2,-8.27666,5.62419,2
17.69,-8.28366,5.60187,2,-8.2608,5.65085,2
17.7,-8.26682,5.62669,2,-8.24489,5.6774,2
17.71,-8.2499,5.65147,2,-8.22892,5.70385,2
17.72,-8.23291,5.67619,2,-8.2129,5.73018,2
17.73,-8.21585,5.70086,2,-8.19683,5.7564,2
17.74,-8.19871,5.72549,2,-8.1807,5.78251,2
17.75,-8.18149,5.75006,2,-8.1645,5.80849,2
17.76,-8.16421,5.77457,2,-8.14825,5.83435,2
17.77,-8.14685,5.79904,2,-8.13194,5.86009,2
17.78,-8.12941,5.82346,2,-8.11556,5.88571,2
17.79,-8.11191,5.84782,2,-8.09911,5.91119,2
17.8,-8.09433,5.87213,2,-8.0826,5.93655,2
17.81,-8.07667,5.89638,2,-8.06601,5.96178,2
17.82,-8.05895,5.92059,2,-8.04936,5.98687,2
17.83,-8.04115,5.94474,2,-8.03263,6.01183,2
17.84,-8.02328,5.96883,2,-8.01583,6.03665,2
17.85,-8.00534,5.99288,2,-7.99895,6.06133,2
17.86,-7.98732,6.01687,2,-7.98199,6.08588,2
17.87,-7.96924,6.0408,2,-7.96496,6.11029,2
17.88,-7.95108,6.06468,2,-7.94784,6.13456,2
17.89,-7.93285,6.08851,2,-7.93064,6.15869,2
17.9,-7.91455,6.11228,2,-7.91335,6.18268,2
17.91,-7.89617,6.13599,2,-7.89598,6.20652,2
17.92,-7.87773,6.15966,2,-7.87852,6.23023,2
17.93,-7.85922,6.18326,2,-7.86097,6.2538,2
17.94,-7.84063,6.20681,2,-7.84334,6.27722,2
17.95,-7.82198,6.2303,2,-7.8256,6.3005,2
17.96,-7.80325,6.25374,2,-7.80778,6.32364,2
17.97,-7.78445,6.27712,2,-7.78986,6.34664,2
17.98,-7.76559,6.30045,2,-7.77185,6.3695,2
17.99,-7.74665,6.32372,2,-7.75373,6.39223,2
18,-7.72764,6.34693,2,-7.73552,6.41481,2
18.01,-7.70857,6.37008,2,-7.71721,6.43726,2
18.02,-7.68942,6.39318,2,-7.6988,6.45957,2
18.03,-7.67021,6.41622,2,-7.68029,6.48175,2
18.04,-7.65093,6.4392,2,-7.66167,6.50379,2
18.05,-7.63158,6.46213,2,-7.64296,6.52571,2
18.06,-7.61215,6.48499,2,-7.62413,6.54749,2
18.07,-7.59267,6.5078,2,-7.6052,6.56914,2
18.08,-7.57311,6.53055,2,-7.58617,6.59067,2
18.09,-7.55348,6.55324,2,-7.56703,6.61208,2
18.1,-7.53379,6.57587,2,-7.54778,6.63336,2
18.11,-7.51403,6.59844,2,-7.52842,6.65452,2
18.12,-7.4942,6.62095,2,-7.50896,6.67556,2
18.13,-7.4743,6.6434,2,-7.48939,6.69649,2
18.14,-7.45434,6.6658,2,-7.46971,6.7173,2
18.15,-7.43431,6.68813,2,-7.44992,6.738,2
18.16,-7.41421,6.7104,2,-7.43002,6.7586,2
18.17,-7.39404,6.73262,2,-7.41001,6.77909,2
18.18,-7.37381,6.75477,2,-7.38989,6.79947,2
18.19,-7.35352,6.77686,2,-7.36966,6.81976,2
18.2,-7.33315,6.79889,2,-7.34932,6.83995,2
18.21,-7.31272,6.82086,2,-7.32888,6.86004,2
18.22,-7.29223,6.84276,2,-7.30832,6.88004,2
18.23,-7.27167,6.86461,2,-7.28766,6.89996,2
18.24,-7.25104,6.88639,2,-7.26689,6.91978,2
18.25,-7.23035,6.90812,2,-7.24601,6.93953,2
18.26,-7.20959,6.92978,2,-7.22503,6.95919,2
18.27,-7.18877,6.95137,2,-7.20394,6.97878,2
18.28,-7.16788,6.97291,2,-7.18274,6.9983,2
18.29,-7.14693,6.99438,2,-7.16144,7.01774,2
18.3,-7.12592,7.01579,2,-7.14003,7.03712,2
18.31,-7.10484,7.03714,2,-7.11852,7.05643,2
18.32,-7.08369,7.05842,2,-7.09691,7.07568,2
18.33,-7.06249,7.07964,2,-7.0752,7.09487,2
18.34,-7.04122,7.10079,2,-7.05339,7.11401,2
18.35,-7.01988,7.12189,2,-7.03147,7.1331,2
18.36,-6.99848,7.14291,2,-7.00946,7.15213,2
18.37,-6.97702,7.16388,2,-6.98736,7.17112,2
18.38,-6.9555,7.18478,2,-6.96515,7.19007,2
18.39,-6.93392,7.20561,2,-6.94286,7.20897,2
18.4,-6.91227,7.22638,2,-6.92047,7.22784,2
18.41,-6.89056,7.24708,2,-6.89799,7.24667,2
18.42,-6.86879,7.26772,2,-6.87542,7.26547,2
18.43,-6.84695,7.2883,2,-6.85276,7.28424,2
18.44,-6.82506,7.3088,2,-6.83001,7.30298,2
18.45,-6.8031,7.32925,2,-6.80718,7.3217,2
18.46,-6.78108,7.34962,2,-6.78427,7.3404,2
18.47,-6.759,7.36993,2,-6.76127,7.35907,2
18.48,-6.73686,7.39018,2,-6.7382,7.37773,2
18.49,-6.71466,7.41035,2,-6.71504,7.39637,2
18.5,-6.6924,7.43046,2,-6.69181,7.415,2
18.51,-6.67008,7.45051,2,-6.6685,7.43362,2
18.52,-6.6477,7.47048,2,-6.64512,7.45223,2
18.53,-6.62525,7.49039,2,-6.62167,7.47083,2
18.54,-6.60275,7.51024,2,-6.59815,7.48943,2
18.55,-6.58019,7.53001,2,-6.57456,7.50802,2
18.56,-6.55757,7.54972,2,-6.5509,7.5266,2
18.57,-6.53489,7.56936,2,-6.52718,7.54519,2
18.58,-6.51216,7.58893,2,-6.5034,7.56378,2
18.59,-6.48936,7.60843,2,-6.47956,7.58236,2
18.6,-6.46651,7.62786,2,-6.45566,7.60095,2
18.61,-6.44359,7.64723,2,-6.4317,7.61954,2
18.62,-6.42062,7.66652,2,-6.40769,7.63814,2
18.63,-6.39759,7.68575,2,-6.38362,7.65674,2
18.64,-6.37451,7.70491,2,-6.35951,7.67534,2
18.65,-6.35137,7.724,2,-6.33534,7.69395,2
18.66,-6.32817,7.74302,2,-6.31113,7.71257,2
18.67,-6.30491,7.76197,2,-6.28687,7.73119,2
18.68,-6.28159,7.78085,2,-6.26256,7.74982,2
18.69,-6.25822,7.79966,2,-6.23822,7.76846,2
18.7,-6.2348,7.8184,2,-6.21383,7.7871,2
18.71,-6.21131,7.83707,2,-6.1894,7.80574,2
18.72,-6.18777,7.85566,2,-6.16494,7.8244,2
18.73,-6.16418,7.87419,2,-6.14044,7.84305,2
18.74,-6.14053,7.89265,2,-6.1159,7.86171,2
18.75,-6.11682,7.91104,2,-6.09133,7.88038,2
18.76,-6.09306,7.92935,2,-6.06673,7.89904,2
18.77,-6.06925,7.94759,2,-6.04211,7.91771,2
18.78,-6.04538,7.96577,2,-6.01745,7.93638,2
18.79,-6.02145,7.98387,2,-5.99276,7.95505,2
18.8,-5.99747,8.00189,2,-5.96805,7.97371,2
18.81,-5.97344,8.01985,2,-5.94332,7.99238,2
18.82,-5.94935,8.03774,2,-5.91856,8.01104,2
18.83,-5.92521,8.05555,2,-5.89378,8.02969,2
18.84,-5.90102,8.07329,2,-5.86897,8.04833,2
18.85,-5.87677,8.09095,2,-5.84415,8.06696,2
18.86,-5.85248,8.10855,2,-5.81931,8.08558,2
18.87,-5.82812,8.12607,2,-5.79445,8.10419,2
18.88,-5.80372,8.14352,2,-5.76957,8.12278,2
18.89,-5.77926,8.16089,2,-5.74468,8.14135,2
18.9,-5.75475,8.17819,2,-5.71977,8.1599,2
18.91,-5.73019,8.19542,2,-5.69484,8.17843,2
18.92,-5.70558,8.21257,2,-5.6699,8.19693,2
18.93,-5.68092,8.22965,2,-5.64495,8.2154,2
18.94,-5.6562,8.24666,2,-5.61998,8.23385,2
18.95,-5.63144,8.26359,2,-5.595,8.25226,2
18.96,-5.60662,8.28045,2,-5.57001,8.27063,2
18.97,-5.58176,8.29723,2,-5.54501,8.28897,2
18.98,-5.55684,8.31394,2,-5.51999,8.30726,2
18.99,-5.53187,8.33057,2,-5.49496,8.32551,2
19,-5.50686,8.34713,2,-5.46992,8.34371,2
19.01,-5.48179,8.36361,2,-5.44487,8.36187,2
19.02,-5.45667,8.38002,2,-5.4198,8.37996,2
19.03,-5.43151,8.39635,2,-5.39473,8.39801,2
19.04,-5.4063,8.41261,2,-5.36964,8.41599,2
19.05,-5.38103,8.42879,2,-5.34454,8.43391,2
19.06,-5.35572,8.44489,2,-5.31943,8.45177,2
19.07,-5.33036,8.46092,2,-5.2943,8.46956,2
19.08,-5.30496,8.47688,2,-5.26916,8.48728,2
19.09,-5.2795,8.49275,2,-5.24401,8.50492,2
19.1,-5.254,8.50855,2,-5.21885,8.52249,2
19.11,-5.22845,8.52428,2,-5.19367,8.53997,2
19.12,-5.20286,8.53992,2,-5.16848,8.55737,2
19.13,-5.17721,8.55549,2,-5.14327,8.57469,2
19.14,-5.15152,8.57099,2,-5.11804,8.59192,2
19.15,-5.12579,8.5864,2,-5.0928,8.60905,2
19.16,-5.1,8.60174,2,-5.06754,8.62609,2
19.17,-5.07418,8.617,2,-5.04226,8.64303,2
19.18,-5.0483,8.63219,2,-5.01696,8.65987,2
19.19,-5.02238,8.64729,2,-4.99164,8.6766,2
19.2,-4.99642,8.66232,2,-4.9663,8.69323,2
19.21,-4.97041,8.67727,2,-4.94094,8.70975,2
19.22,-4.94436,8.69214,2,-4.91555,8.72616,2
19.23,-4.91826,8.70694,2,-4.89014,8.74245,2
19.24,-4.89211,8.72165,2,-4.86471,8.75863,2
19.25,-4.86593,8.73629,2,-4.83925,8.77468,2
19.26,-4.8397,8.75085,2,-4.81376,8.79062,2
19.27,-4.81342,8.76533,2,-4.78824,8.80643,2
19.28,-4.7871,8.77973,2,-4.76269,8.82211,2
19.29,-4.76074,8.79405,2,-4.73712,8.83766,2
19.3,-4.73434,8.80829,2,-4.71151,8.85309,2
19.31,-4.70789,8.82246,2,-4.68586,8.86838,2
19.32,-4.68141,8.83654,2,-4.66018,8.88354,2
19.33,-4.65487,8.85054,2,-4.63447,8.89856,2
19.34,-4.6283,8.86447,2,-4.60872,8.91344,2
19.35,-4.60169,8.87831,2,-4.58293,8.92818,2
19.36,-4.57503,8.89208,2,-4.5571,8.94278,2
19.37,-4.54834,8.90576,2,-4.53123,8.95724,2
19.38,-4.5216,8.91937,2,-4.50532,8.97156,2
19.39,-4.49482,8.93289,2,-4.47937,8.98573,2
19.4,-4.468,8.94634,2,-4.45337,8.99975,2
19.41,-4.44114,8.9597,2,-4.42732,9.01363,2
19.42,-4.41424,8.97299,2,-4.40123,9.02736,2
19.43,-4.3873,8.98619,2,-4.37509,9.04095,2
19.44,-4.36033,8.99931,2,-4.3489,9.05438,2
19.45,-4.33331,9.01235,2,-4.32266,9.06766,2
19.46,-4.30625,9.02531,2,-4.29637,9.0808,2
19.47,-4.27916,9.03819,2,-4.27003,9.09378,2
19.48,-4.25202,9.05098,2,-4.24364,9.10661,2
19.49,-4.22485,9.0637,2,-4.21719,9.1193,2
19.5,-4.19764,9.07633,2,-4.19068,9.13183,2
19.51,-4.17039,9.08888,2,-4.16412,9.14421,2
19.52,-4.14311,9.10136,2,-4.1375,9.15645,2
19.53,-4.11578,9.11374,2,-4.11082,9.16853,2
19.54,-4.08842,9.12605,2,-4.08409,9.18047,2
19.55,-4.06103,9.13827,2,-4.05729,9.19225,2
19.56,-4.0336,9.15042,2,-4.03043,9.20389,2
19.57,-4.00613,9.16248,2,-4.00352,9.21539,2
19.58,-3.97862,9.17445,2,-3.97654,9.22673,2
19.59,-3.95108,9.18635,2,-3.94949,9.23794,2
19.6,-3.9235,9.19816,2,-3.92239,9.249,2
19.61,-3.89589,9.20989,2,-3.89522,9.25991,2
19.62,-3.86824,9.22153,2,-3.86799,9.27069,2
19.63,-3.84056,9.2331,2,-3.84069,9.28133,2
19.64,-3.81284,9.24458,2,-3.81332,9.29183,2
19.65,-3.78509,9.25597,2,-3.7859,9.30219,2
19.66,-3.75731,9.26729,2,-3.7584,9.31242,2
19.67,-3.72949,9.27852,2,-3.73084,9.32251,2
19.68,-3.70164,9.28967,2,-3.70322,9.33248,2
19.69,-3.67375,9.30073,2,-3.67552,9.34231,2
19.7,-3.64583,9.31171,2,-3.64777,9.35202,2
19.71,-3.61788,9.3226,2,-3.61994,9.3616,2
19.72,-3.5899,9.33341,2,-3.59205,9.37106,2
19.73,-3.56188,9.34414,2,-3.5641,9.3804,2
19.74,-3.53383,9.35479,2,-3.53608,9.38962,2
19.75,-3.50575,9.36535,2,-3.50799,9.39873,2
19.76,-3.47764,9.37582,2,-3.47984,9.40771,2
19.77,-3.4495,9.38621,2,-3.45162,9.41659,2
19.78,-3.42132,9.39652,2,-3.42334,9.42536,2
19.79,-3.39312,9.40674,2,-3.39499,9.43402,2
19.8,-3.36488,9.41688,2,-3.36659,9.44258,2
19.81,-3.33662,9.42693,2,-3.33811,9.45103,2
19.82,-3.30832,9.4369,2,-3.30958,9.45938,2
19.83,-3.28,9.44678,2,-3.28099,9.46764,2
19.84,-3.25164,9.45658,2,-3.25233,9.4758,2
19.85,-3.22326,9.46629,2,-3.22361,9.48387,2
19.86,-3.19484,9.47592,2,-3.19484,9.49185,2
19.87,-3.1664,9.48546,2,-3.16601,9.49975,2
19.88,-3.13793,9.49491,2,-3.13711,9.50756,2
19.89,-3.10943,9.50428,2,-3.10817,9.51528,2
19.9,-3.08091,9.51357,2,-3.07916,9.52293,2
19.91,-3.05235,9.52277,2,-3.05011,9.5305,2
19.92,-3.02377,9.53188,2,-3.021,9.53799,2
19.93,-2.99516,9.54091,2,-2.99184,9.54541,2
19.94,-2.96652,9.54986,2,-2.96262,9.55276,2
19.95,-2.93786,9.55871,2,-2.93336,9.56005,2
19.96,-2.90917,9.56748,2,-2.90405,9.56727,2
19.97,-2.88046,9.57617,2,-2.87469,9.57442,2
19.98,-2.85171,9.58477,2,-2.84529,9.58152,2
19.99,-2.82295,9.59328,2,-2.81584,9.58855,2
20,-2.79415,9.6017,2,-2.78635,9.59553,2
20.01,-2.76534,9.61004,2,-2.75681,9.60246,2
20.02,-2.73649,9.61829,2,-2.72724,9.60933,2
20.03,-2.70763,9.62646,2,-2.69763,9.61615,2
20.04,-2.67874,9.63454,2,-2.66798,9.62293,2
20.05,-2.64982,9.64253,2,-2.63829,9.62965,2
20.06,-2.62088,9.65044,2,-2.60857,9.63633,2
20.07,-2.59192,9.65826,2,-2.57882,9.64297,2
20.08,-2.56293,9.66599,2,-2.54904,9.64957,2
20.09,-2.53392,9.67364,2,-2.51922,9.65613,2
20.1,-2.50489,9.68119,2,-2.48938,9.66264,2
20.11,-2.47584,9.68867,2,-2.45951,9.66912,2
20.12,-2.44676,9.69605,2,-2.42962,9.67557,2
20.13,-2.41766,9.70335,2,-2.3997,9.68198,2
20.14,-2.38854,9.71056,2,-2.36976,9.68835,2
20.15,-2.3594,9.71768,2,-2.33981,9.6947,2
20.16,-2.33023,9.72471,2,-2.30983,9.70101,2
20.17,-2.30105,9.73166,2,-2.27983,9.70729,2
20.18,-2.27184,9.73852,2,-2.24982,9.71354,2
20.19,-2.24262,9.74529,2,-2.2198,9.71976,2
20.2,-2.21337,9.75197,2,-2.18976,9.72595,2
20.21,-2.1841,9.75857,2,-2.15971,9.73211,2
20.22,-2.15482,9.76508,2,-2.12966,9.73825,2
20.23,-2.12551,9.7715,2,-2.09959,9.74435,2
20.24,-2.09619,9.77783,2,-2.06952,9.75043,2
20.25,-2.06685,9.78408,2,-2.03944,9.75648,2
20.26,-2.03749,9.79023,2,-2.00936,9.76251,2
20.27,-2.00811,9.7963,2,-1.97927,9.7685,2
20.28,-1.97871,9.80228,2,-1.94919,9.77447,2
20.29,-1.94929,9.80817,2,-1.9191,9.78041,2
20.3,-1.91986,9.81398,2,-1.88902,9.78632,2
20.31,-1.89041,9.81969,2,-1.85893,9.7922,2
20.32,-1.86094,9.82532,2,-1.82886,9.79806,2
20.33,-1.83146,9.83086,2,-1.79878,9.80388,2
20.34,-1.80196,9.83631,2,-1.76872,9.80967,2
20.35,-1.77244,9.84167,2,-1.73866,9.81543,2
20.36,-1.74291,9.84694,2,-1.70861,9.82115,2
20.37,-1.71336,9.85213,2,-1.67856,9.82684,2
20.38,-1.68379,9.85722,2,-1.64853,9.8325,2
20.39,-1.65421,9.86223,2,-1.61851,9.83812,2
20.4,-1.62462,9.86715,2,-1.5885,9.8437,2
20.41,-1.59501,9.87198,2,-1.55851,9.84924,2
20.42,-1.56539,9.87672,2,-1.52852,9.85475,2
20.43,-1.53575,9.88137,2,-1.49856,9.86021,2
20.44,-1.5061,9.88593,2,-1.4686,9.86563,2
20.45,-1.47644,9.89041,2,-1.43867,9.871,2
20.46,-1.44676,9.89479,2,-1.40875,9.87632,2
20.47,-1.41707,9.89909,2,-1.37884,9.8816,2
20.48,-1.38736,9.90329,2,-1.34896,9.88683,2
20.49,-1.35765,9.90741,2,-1.31909,9.892,2
20.5,-1.32792,9.91144,2,-1.28924,9.89712,2
20.51,-1.29818,9.91538,2,-1.25941,9.90218,2
20.52,-1.26843,9.91923,2,-1.22959,9.90719,2
20.53,-1.23866,9.92299,2,-1.1998,9.91213,2
20.54,-1.20889,9.92666,2,-1.17003,9.91702,2
20.55,-1.1791,9.93024,2,-1.14027,9.92183,2
20.56,-1.14931,9.93374,2,-1.11054,9.92659,2
20.57,-1.1195,9.93714,2,-1.08082,9.93127,2
20.58,-1.08968,9.94045,2,-1.05112,9.93588,2
20.59,-1.05986,9.94368,2,-1.02145,9.94041,2
20.6,-1.03002,9.94681,2,-0.991788,9.94488,2
20.61,-1.00018,9.94986,2,-0.962149,9.94926,2
20.62,-0.970324,9.95281,2,-0.93253,9.95356,2
20.63,-0.940461,9.95568,2,-0.902929,9.95778,2
20.64,-0.91059,9.95845,2,-0.873347,9.96191,2
20.65,-0.880711,9.96114,2,-0.843783,9.96596,2
20.66,-0.850823,9.96374,2,-0.814236,9.96992,2
20.67,-0.820928,9.96625,2,-0.784707,9.97378,2
20.68,-0.791026,9.96866,2,-0.755195,9.97755,2
20.69,-0.761116,9.97099,2,-0.725699,9.98123,2
20.7,-0.7312,9.97323,2,-0.696219,9.9848,2
20.71,-0.701277,9.97538,2,-0.666755,9.98827,2
20.72,-0.671348,9.97744,2,-0.637305,9.99164,2
20.73,-0.641412,9.97941,2,-0.607869,9.99491,2
20.74,-0.611471,9.98129,2,-0.578447,9.99806,2
20.75,-0.581525,9.98308,2,-0.549037,10.0011,2
20.76,-0.551573,9.98478,2,-0.51964,10.004,2
20.77,-0.521616,9.98639,2,-0.490253,10.0069,2
20.78,-0.491655,9.98791,2,-0.460878,10.0096,2
20.79,-0.461689,9.98934,2,-0.431511,10.0122,2
20.8,-0.431719,9.99068,2,-0.402154,10.0146,2
20.81,-0.401745,9.99193,2,-0.372805,10.017,2
20.82,-0.371767,9.99309,2,-0.343463,10.0192,2
20.83,-0.341786,9.99416,2,-0.314127,10.0213,2
20.84,-0.311803,9.99514,2,-0.284797,10.0232,2
20.85,-0.281816,9.99603,2,-0.255471,10.0251,2
20.86,-0.251826,9.99683,2,-0.226149,10.0268,2
20.87,-0.221835,9.99754,2,-0.19683,10.0284,2
20.88,-0.191841,9.99816,2,-0.167512,10.0298,2
20.89,-0.161846,9.99869,2,-0.138196,10.0311,2
20.9,-0.131849,9.99913,2,-0.108879,10.0323,2
20.91,-0.101851,9.99948,2,-0.0795621,10.0333,2
20.92,-0.0718525,9.99974,2,-0.050243,10.0342,2
20.93,-0.0418529,9.99991,2,-0.0209211,10.035,2
20.94,-0.0118531,9.99999,2,0.00840426,10.0356,2
20.95,0.0181469,9.99998,2,0.0377341,10.0361,2
20.96,0.0481467,9.99988,2,0.0670694,10.0365,2
20.97,0.0781461,9.99969,2,0.0964108,10.0367,2
20.98,0.108145,9.99942,2,0.125759,10.0367,2
20.99,0.138143,9.99905,2,0.155116,10.0366,2
