t,L_fro
0,52.4726
0.01,51.9918
0.02,51.5374
0.03,51.1188
0.04,50.735
0.05,50.382
0.06,50.0555
0.07,49.7524
0.08,49.4701
0.09,49.2064
0.1,48.9598
0.11,48.7283
0.12,48.5106
0.13,48.305
0.14,48.1101
0.15,47.9244
0.16,47.7468
0.17,47.576
0.18,47.4109
0.19,47.2506
0.2,47.0941
0.21,46.9407
0.22,46.7897
0.23,46.6405
0.24,46.4925
0.25,46.3455
0.26,46.199
0.27,46.0529
0.28,45.907
0.29,45.7613
0.3,45.616
0.31,45.471
0.32,45.3266
0.33,45.183
0.34,45.0403
0.35,44.8988
0.36,44.7584
0.37,44.6192
0.38,44.4811
0.39,44.3438
0.4,44.2071
0.41,44.0707
0.42,43.9342
0.43,43.7972
0.44,43.6594
0.45,43.5203
0.46,43.3795
0.47,43.2367
0.48,43.0912
0.49,42.9424
0.5,42.7898
0.51,42.6324
0.52,42.4695
0.53,42.3003
0.54,42.1243
0.55,41.9409
0.56,41.7501
0.57,41.552
0.58,41.3475
0.59,41.1377
0.6,40.9243
0.61,40.7093
0.62,40.4948
0.63,40.2829
0.64,40.0758
0.65,39.8751
0.66,39.682
0.67,39.4973
0.68,39.3212
0.69,39.1537
0.7,38.9945
0.71,38.8428
0.72,38.6981
0.73,38.5596
0.74,38.4266
0.75,38.2986
0.76,38.175
0.77,38.0555
0.78,37.9401
0.79,37.8286
0.8,37.7214
0.81,37.6187
0.82,37.5211
0.83,37.4292
0.84,37.3437
0.85,37.2656
0.86,37.1957
0.87,37.1349
0.88,37.084
0.89,37.0439
0.9,37.0155
0.91,36.9995
0.92,36.9972
0.93,37.0115
0.94,37.05
0.95,37.1325
0.96,37.2994
0.97,37.5754
0.98,37.8204
0.99,37.895
1,37.9113
1.01,37.9247
1.02,37.9335
1.03,37.9404
1.04,37.9481
1.05,37.9558
1.06,37.9601
1.07,37.9575
1.08,37.9456
1.09,37.9232
1.1,37.8902
1.11,37.8471
1.12,37.7946
1.13,37.7335
1.14,37.6643
1.15,37.5876
1.16,37.5035
1.17,37.4124
1.18,37.3144
1.19,37.2097
1.2,37.0985
1.21,36.981
1.22,36.8574
1.23,36.7281
1.24,36.5934
1.25,36.4538
1.26,36.3097
1.27,36.1617
1.28,36.0103
1.29,35.8561
1.3,35.6998
1.31,35.5419
1.32,35.3831
1.33,35.224
1.34,35.0651
1.35,34.9072
1.36,34.7506
1.37,34.5961
1.38,34.4439
1.39,34.2947
1.4,34.1488
1.41,34.0067
1.42,33.8686
1.43,33.735
1.44,33.606
1.45,33.482
1.46,33.3631
1.47,33.2495
1.48,33.1414
1.49,33.0388
1.5,32.9419
1.51,32.8506
1.52,32.7651
1.53,32.6853
1.54,32.6111
1.55,32.5426
1.56,32.4797
1.57,32.4221
1.58,32.37
1.59,32.3231
1.6,32.2813
1.61,32.2445
1.62,32.2125
1.63,32.1851
1.64,32.1622
1.65,32.1436
1.66,32.1292
1.67,32.1187
1.68,32.112
1.69,32.109
1.7,32.1094
1.71,32.113
1.72,32.1198
1.73,32.1296
1.74,32.1421
1.75,32.1573
1.76,32.175
1.77,32.1951
1.78,32.2174
1.79,32.2418
1.8,32.2682
1.81,32.2965
1.82,32.3265
1.83,32.3582
1.84,32.3914
1.85,32.426
1.86,32.462
1.87,32.4992
1.88,32.5376
1.89,32.5771
1.9,32.6175
1.91,32.6589
1.92,32.701
1.93,32.7438
1.94,32.7873
1.95,32.8312
1.96,32.8756
1.97,32.9203
1.98,32.9651
1.99,33.0101
2,33.0551
2.01,33.0999
2.02,33.1445
2.03,33.1887
2.04,33.2324
2.05,33.2755
2.06,33.3179
2.07,33.3595
2.08,33.4003
2.09,33.4401
2.1,33.479
2.11,33.5169
2.12,33.5538
2.13,33.59
2.14,33.6254
2.15,33.6603
2.16,33.6948
2.17,33.7292
2.18,33.7637
2.19,33.7987
2.2,33.8344
2.21,33.8709
2.22,33.9084
2.23,33.9471
2.24,33.9867
2.25,34.0272
2.26,34.0682
2.27,34.1092
2.28,34.1496
2.29,34.1888
2.3,34.2259
2.31,34.2603
2.32,34.291
2.33,34.3176
2.34,34.3393
2.35,34.3557
2.36,34.3664
2.37,34.3714
2.38,34.3706
2.39,34.3641
2.4,34.3524
2.41,34.3356
2.42,34.3145
2.43,34.2896
2.44,34.2615
2.45,34.231
2.46,34.1987
2.47,34.1654
2.48,34.1316
2.49,34.0981
2.5,34.0654
2.51,34.0341
2.52,34.0047
2.53,33.9775
2.54,33.953
2.55,33.9314
2.56,33.913
2.57,33.8979
2.58,33.8863
2.59,33.8784
2.6,33.8741
2.61,33.8735
2.62,33.8766
2.63,33.8834
2.64,33.8938
2.65,33.9078
2.66,33.9253
2.67,33.9462
2.68,33.9704
2.69,33.9979
2.7,34.0285
2.71,34.0621
2.72,34.0986
2.73,34.1379
2.74,34.1798
2.75,34.2241
2.76,34.2708
2.77,34.3197
2.78,34.3707
2.79,34.4235
2.8,34.478
2.81,34.5342
2.82,34.5917
2.83,34.6506
2.84,34.7106
2.85,34.7716
2.86,34.8335
2.87,34.8963
2.88,34.9599
2.89,35.0242
2.9,35.0894
2.91,35.1555
2.92,35.2226
2.93,35.291
2.94,35.361
2.95,35.433
2.96,35.5075
2.97,35.5852
2.98,35.6669
2.99,35.7537
3,35.8467
3.01,35.9473
3.02,36.057
3.03,36.1775
3.04,36.3102
3.05,36.4561
3.06,36.6155
3.07,36.7871
3.08,36.9672
3.09,37.1498
3.1,37.3254
3.11,37.4825
3.12,37.6097
3.13,37.701
3.14,37.7635
3.15,37.8185
3.16,37.8799
3.17,37.9304
3.18,37.9347
3.19,37.8723
3.2,37.7474
3.21,37.5773
3.22,37.3812
3.23,37.1744
3.24,36.9673
3.25,36.7666
3.26,36.5754
3.27,36.3953
3.28,36.2262
3.29,36.0676
3.3,35.9184
3.31,35.7776
3.32,35.644
3.33,35.5166
3.34,35.3945
3.35,35.2771
3.36,35.1637
3.37,35.0539
3.38,34.9473
3.39,34.8436
3.4,34.7427
3.41,34.6445
3.42,34.5487
3.43,34.4554
3.44,34.3644
3.45,34.2759
3.46,34.1896
3.47,34.1057
3.48,34.024
3.49,33.9446
3.5,33.8673
3.51,33.7922
3.52,33.7191
3.53,33.648
3.54,33.5788
3.55,33.5115
3.56,33.446
3.57,33.3821
3.58,33.3199
3.59,33.2591
3.6,33.1999
3.61,33.142
3.62,33.0854
3.63,33.0301
3.64,32.976
3.65,32.9231
3.66,32.8713
3.67,32.8207
3.68,32.7712
3.69,32.7229
3.7,32.6757
3.71,32.6296
3.72,32.5847
3.73,32.5411
3.74,32.4987
3.75,32.4575
3.76,32.4176
3.77,32.3791
3.78,32.3419
3.79,32.3061
3.8,32.2717
3.81,32.2386
3.82,32.207
3.83,32.1767
3.84,32.1478
3.85,32.1203
3.86,32.0941
3.87,32.0692
3.88,32.0455
3.89,32.023
3.9,32.0017
3.91,31.9815
3.92,31.9623
3.93,31.9441
3.94,31.9268
3.95,31.9104
3.96,31.8948
3.97,31.8799
3.98,31.8658
3.99,31.8523
4,31.8394
4.01,31.827
4.02,31.8152
4.03,31.8038
4.04,31.7929
4.05,31.7823
4.06,31.772
4.07,31.7621
4.08,31.7524
4.09,31.743
4.1,31.7338
4.11,31.7248
4.12,31.7159
4.13,31.7071
4.14,31.6985
4.15,31.6899
4.16,31.6813
4.17,31.6728
4.18,31.6644
4.19,31.6559
4.2,31.6474
4.21,31.6388
4.22,31.6302
4.23,31.6215
4.24,31.6128
4.25,31.6039
4.26,31.595
4.27,31.586
4.28,31.5768
4.29,31.5675
4.3,31.5582
4.31,31.5487
4.32,31.5391
4.33,31.5293
4.34,31.5195
4.35,31.5095
4.36,31.4994
4.37,31.4892
4.38,31.4788
4.39,31.4684
4.4,31.4579
4.41,31.4472
4.42,31.4365
4.43,31.4256
4.44,31.4147
4.45,31.4037
4.46,31.3926
4.47,31.3814
4.48,31.3702
4.49,31.3588
4.5,31.3474
4.51,31.3359
4.52,31.3244
4.53,31.3128
4.54,31.3011
4.55,31.2893
4.56,31.2775
4.57,31.2656
4.58,31.2536
4.59,31.2416
4.6,31.2295
4.61,31.2172
4.62,31.2049
4.63,31.1925
4.64,31.18
4.65,31.1674
4.66,31.1546
4.67,31.1418
4.68,31.1288
4.69,31.1157
4.7,31.1024
4.71,31.0889
4.72,31.0753
4.73,31.0615
4.74,31.0475
4.75,31.0332
4.76,31.0188
4.77,31.0041
4.78,30.9891
4.79,30.9739
4.8,30.9584
4.81,30.9426
4.82,30.9264
4.83,30.91
4.84,30.8931
4.85,30.8759
4.86,30.8583
4.87,30.8403
4.88,30.8218
4.89,30.8028
4.9,30.7834
4.91,30.7635
4.92,30.743
4.93,30.722
4.94,30.7004
4.95,30.6782
4.96,30.6553
4.97,30.6318
4.98,30.6076
4.99,30.5827
5,30.557
5.01,30.5306
5.02,30.5034
5.03,30.4753
5.04,30.4464
5.05,30.4166
5.06,30.3858
5.07,30.3542
5.08,30.3215
5.09,30.2879
5.1,30.2532
5.11,30.2174
5.12,30.1806
5.13,30.1426
5.14,30.1035
5.15,30.0631
5.16,30.0216
5.17,29.9788
5.18,29.9348
5.19,29.8894
5.2,29.8427
5.21,29.7946
5.22,29.7451
5.23,29.6942
5.24,29.6418
5.25,29.588
5.26,29.5326
5.27,29.4758
5.28,29.4174
5.29,29.3575
5.3,29.296
5.31,29.2331
5.32,29.1687
5.33,29.1028
5.34,29.0356
5.35,28.9671
5.36,28.8974
5.37,28.8266
5.38,28.7547
5.39,28.682
5.4,28.6086
5.41,28.5347
5.42,28.4604
5.43,28.3859
5.44,28.3114
5.45,28.2371
5.46,28.1632
5.47,28.0899
5.48,28.0174
5.49,27.9459
5.5,27.8755
5.51,27.8064
5.52,27.7388
5.53,27.6727
5.54,27.6084
5.55,27.546
5.56,27.4854
5.57,27.4268
5.58,27.3702
5.59,27.3157
5.6,27.2632
5.61,27.2129
5.62,27.1646
5.63,27.1183
5.64,27.074
5.65,27.0317
5.66,26.9914
5.67,26.9528
5.68,26.9161
5.69,26.8811
5.7,26.8478
5.71,26.8161
5.72,26.7858
5.73,26.7571
5.74,26.7297
5.75,26.7035
5.76,26.6787
5.77,26.655
5.78,26.6323
5.79,26.6108
5.8,26.5902
5.81,26.5705
5.82,26.5516
5.83,26.5336
5.84,26.5163
5.85,26.4997
5.86,26.4838
5.87,26.4685
5.88,26.4538
5.89,26.4396
5.9,26.4259
5.91,26.4127
5.92,26.4
5.93,26.3876
5.94,26.3757
5.95,26.3641
5.96,26.3528
5.97,26.3418
5.98,26.3312
5.99,26.3208
6,26.3107
6.01,26.3008
6.02,26.2912
6.03,26.2818
6.04,26.2725
6.05,26.2635
6.06,26.2547
6.07,26.246
6.08,26.2374
6.09,26.229
6.1,26.2208
6.11,26.2127
6.12,26.2047
6.13,26.1968
6.14,26.189
6.15,26.1814
6.16,26.1738
6.17,26.1663
6.18,26.159
6.19,26.1517
6.2,26.1445
6.21,26.1374
6.22,26.1304
6.23,26.1234
6.24,26.1166
6.25,26.1098
6.26,26.1031
6.27,26.0965
6.28,26.0899
6.29,26.0835
6.3,26.0771
6.31,26.0708
6.32,26.0646
6.33,26.0585
6.34,26.0524
6.35,26.0465
6.36,26.0407
6.37,26.0349
6.38,26.0293
6.39,26.0238
6.4,26.0184
6.41,26.0131
6.42,26.0079
6.43,26.0028
6.44,25.9979
6.45,25.993
6.46,25.9883
6.47,25.9838
6.48,25.9794
6.49,25.9751
6.5,25.9709
6.51,25.9669
6.52,25.9631
6.53,25.9594
6.54,25.9558
6.55,25.9524
6.56,25.9491
6.57,25.946
6.58,25.943
6.59,25.9403
6.6,25.9376
6.61,25.9351
6.62,25.9328
6.63,25.9306
6.64,25.9286
6.65,25.9267
6.66,25.925
6.67,25.9234
6.68,25.922
6.69,25.9208
6.7,25.9197
6.71,25.9187
6.72,25.9179
6.73,25.9172
6.74,25.9166
6.75,25.9162
6.76,25.9159
6.77,25.9158
6.78,25.9158
6.79,25.9159
6.8,25.9161
6.81,25.9164
6.82,25.9169
6.83,25.9174
6.84,25.9181
6.85,25.9188
6.86,25.9197
6.87,25.9206
6.88,25.9217
6.89,25.9228
6.9,25.924
6.91,25.9253
6.92,25.9266
6.93,25.928
6.94,25.9295
6.95,25.9311
6.96,25.9327
6.97,25.9344
6.98,25.9361
6.99,25.9378
7,25.9397
7.01,25.9415
7.02,25.9434
7.03,25.9453
7.04,25.9473
7.05,25.9493
7.06,25.9513
7.07,25.9534
7.08,25.9555
7.09,25.9576
7.1,25.9597
7.11,25.9618
7.12,25.964
7.13,25.9662
7.14,25.9683
7.15,25.9705
7.16,25.9727
7.17,25.9749
7.18,25.9771
7.19,25.9792
7.2,25.9814
7.21,25.9836
7.22,25.9857
7.23,25.9879
7.24,25.99
7.25,25.9921
7.26,25.9941
7.27,25.9962
7.28,25.9982
7.29,26.0002
7.3,26.0021
7.31,26.004
7.32,26.0058
7.33,26.0076
7.34,26.0093
7.35,26.011
7.36,26.0126
7.37,26.0142
7.38,26.0156
7.39,26.017
7.4,26.0183
7.41,26.0195
7.42,26.0207
7.43,26.0217
7.44,26.0226
7.45,26.0235
7.46,26.0242
7.47,26.0248
7.48,26.0252
7.49,26.0256
7.5,26.0258
7.51,26.0259
7.52,26.0258
7.53,26.0256
7.54,26.0252
7.55,26.0247
7.56,26.0241
7.57,26.0232
7.58,26.0222
7.59,26.0211
7.6,26.0197
7.61,26.0182
7.62,26.0166
7.63,26.0147
7.64,26.0127
7.65,26.0104
7.66,26.008
7.67,26.0055
7.68,26.0027
7.69,25.9997
7.7,25.9966
7.71,25.9933
7.72,25.9899
7.73,25.9862
7.74,25.9824
7.75,25.9785
7.76,25.9743
7.77,25.9701
7.78,25.9656
7.79,25.9611
7.8,25.9564
7.81,25.9515
7.82,25.9466
7.83,25.9415
7.84,25.9364
7.85,25.9311
7.86,25.9258
7.87,25.9204
7.88,25.9149
7.89,25.9093
7.9,25.9037
7.91,25.8981
7.92,25.8924
7.93,25.8868
7.94,25.8811
7.95,25.8754
7.96,25.8697
7.97,25.864
7.98,25.8584
7.99,25.8527
8,25.8472
8.01,25.8417
8.02,25.8362
8.03,25.8308
8.04,25.8255
8.05,25.8203
8.06,25.8152
8.07,25.8101
8.08,25.8052
8.09,25.8004
8.1,25.7957
8.11,25.7912
8.12,25.7867
8.13,25.7825
8.14,25.7783
8.15,25.7743
8.16,25.7705
8.17,25.7668
8.18,25.7633
8.19,25.7599
8.2,25.7567
8.21,25.7537
8.22,25.7508
8.23,25.7482
8.24,25.7457
8.25,25.7434
8.26,25.7412
8.27,25.7393
8.28,25.7375
8.29,25.736
8.3,25.7346
8.31,25.7334
8.32,25.7323
8.33,25.7315
8.34,25.7309
8.35,25.7304
8.36,25.7301
8.37,25.73
8.38,25.73
8.39,25.7302
8.4,25.7306
8.41,25.7311
8.42,25.7319
8.43,25.7327
8.44,25.7337
8.45,25.7349
8.46,25.7362
8.47,25.7376
8.48,25.7392
8.49,25.7409
8.5,25.7427
8.51,25.7446
8.52,25.7467
8.53,25.7489
8.54,25.7511
8.55,25.7535
8.56,25.7559
8.57,25.7585
8.58,25.7611
8.59,25.7638
8.6,25.7666
8.61,25.7694
8.62,25.7723
8.63,25.7753
8.64,25.7783
8.65,25.7813
8.66,25.7845
8.67,25.7876
8.68,25.7908
8.69,25.794
8.7,25.7972
8.71,25.8005
8.72,25.8038
8.73,25.8071
8.74,25.8104
8.75,25.8137
8.76,25.817
8.77,25.8203
8.78,25.8236
8.79,25.8269
8.8,25.8301
8.81,25.8334
8.82,25.8366
8.83,25.8398
8.84,25.843
8.85,25.8461
8.86,25.8492
8.87,25.8523
8.88,25.8553
8.89,25.8583
8.9,25.8612
8.91,25.864
8.92,25.8668
8.93,25.8695
8.94,25.8721
8.95,25.8747
8.96,25.8772
8.97,25.8795
8.98,25.8818
8.99,25.8841
9,25.8862
9.01,25.8882
9.02,25.8901
9.03,25.8919
9.04,25.8936
9.05,25.8951
9.06,25.8966
9.07,25.8979
9.08,25.8991
9.09,25.9002
9.1,25.9011
9.11,25.9019
9.12,25.9025
9.13,25.9031
9.14,25.9034
9.15,25.9036
9.16,25.9037
9.17,25.9036
9.18,25.9034
9.19,25.903
9.2,25.9024
9.21,25.9017
9.22,25.9009
9.23,25.8998
9.24,25.8986
9.25,25.8973
9.26,25.8957
9.27,25.8941
9.28,25.8922
9.29,25.8902
9.3,25.888
9.31,25.8857
9.32,25.8832
9.33,25.8805
9.34,25.8777
9.35,25.8747
9.36,25.8715
9.37,25.8682
9.38,25.8647
9.39,25.8611
9.4,25.8573
9.41,25.8534
9.42,25.8493
9.43,25.8451
9.44,25.8407
9.45,25.8362
9.46,25.8315
9.47,25.8267
9.48,25.8218
9.49,25.8167
9.5,25.8115
9.51,25.8061
9.52,25.8006
9.53,25.795
9.54,25.7893
9.55,25.7834
9.56,25.7774
9.57,25.7713
9.58,25.7651
9.59,25.7587
9.6,25.7523
9.61,25.7457
9.62,25.7391
9.63,25.7323
9.64,25.7254
9.65,25.7184
9.66,25.7113
9.67,25.7041
9.68,25.6968
9.69,25.6895
9.7,25.682
9.71,25.6745
9.72,25.6668
9.73,25.6591
9.74,25.6513
9.75,25.6434
9.76,25.6354
9.77,25.6274
9.78,25.6193
9.79,25.6111
9.8,25.6028
9.81,25.5945
9.82,25.5861
9.83,25.5777
9.84,25.5692
9.85,25.5606
9.86,25.552
9.87,25.5433
9.88,25.5346
9.89,25.5258
9.9,25.517
9.91,25.5082
9.92,25.4993
9.93,25.4903
9.94,25.4814
9.95,25.4724
9.96,25.4633
9.97,25.4543
9.98,25.4452
9.99,25.4361
10,25.427
10.01,25.4179
10.02,25.4087
10.03,25.3995
10.04,25.3904
10.05,25.3812
10.06,25.372
10.07,25.3628
10.08,25.3536
10.09,25.3444
10.1,25.3352
10.11,25.3261
10.12,25.3169
10.13,25.3077
10.14,25.2986
10.15,25.2895
10.16,25.2804
10.17,25.2713
10.18,25.2622
10.19,25.2532
10.2,25.2441
10.21,25.2352
10.22,25.2262
10.23,25.2173
10.24,25.2084
10.25,25.1995
10.26,25.1907
10.27,25.1819
10.28,25.1731
10.29,25.1644
10.3,25.1558
10.31,25.1472
10.32,25.1386
10.33,25.1301
10.34,25.1216
10.35,25.1132
10.36,25.1048
10.37,25.0965
10.38,25.0882
10.39,25.08
10.4,25.0719
10.41,25.0638
10.42,25.0558
10.43,25.0478
10.44,25.0399
10.45,25.0321
10.46,25.0243
10.47,25.0166
10.48,25.009
10.49,25.0014
10.5,24.9939
10.51,24.9865
10.52,24.9792
10.53,24.9719
10.54,24.9647
10.55,24.9576
10.56,24.9505
10.57,24.9436
10.58,24.9367
10.59,24.9299
10.6,24.9232
10.61,24.9165
10.62,24.9099
10.63,24.9035
10.64,24.8971
10.65,24.8907
10.66,24.8845
10.67,24.8784
10.68,24.8723
10.69,24.8663
10.7,24.8604
10.71,24.8546
10.72,24.8489
10.73,24.8433
10.74,24.8378
10.75,24.8323
10.76,24.8269
10.77,24.8217
10.78,24.8165
10.79,24.8114
10.8,24.8063
10.81,24.8014
10.82,24.7966
10.83,24.7918
10.84,24.7871
10.85,24.7825
10.86,24.778
10.87,24.7736
10.88,24.7692
10.89,24.765
10.9,24.7608
10.91,24.7567
10.92,24.7527
10.93,24.7487
10.94,24.7449
10.95,24.7411
10.96,24.7374
10.97,24.7338
10.98,24.7302
10.99,24.7267
11,24.7234
11.01,24.72
11.02,24.7168
11.03,24.7136
11.04,24.7105
11.05,24.7075
11.06,24.7045
11.07,24.7016
11.08,24.6988
11.09,24.696
11.1,24.6933
11.11,24.6907
11.12,24.6882
11.13,24.6857
11.14,24.6833
11.15,24.6809
11.16,24.6786
11.17,24.6764
11.18,24.6742
11.19,24.6721
11.2,24.6701
11.21,24.6681
11.22,24.6662
11.23,24.6644
11.24,24.6626
11.25,24.6609
11.26,24.6592
11.27,24.6576
11.28,24.6561
11.29,24.6546
11.3,24.6532
11.31,24.6519
11.32,24.6506
11.33,24.6494
11.34,24.6482
11.35,24.6471
11.36,24.6461
11.37,24.6451
11.38,24.6442
11.39,24.6433
11.4,24.6425
11.41,24.6418
11.42,24.6411
11.43,24.6405
11.44,24.64
11.45,24.6395
11.46,24.639
11.47,24.6386
11.48,24.6383
11.49,24.6381
11.5,24.6379
11.51,24.6377
11.52,24.6377
11.53,24.6377
11.54,24.6377
11.55,24.6378
11.56,24.638
11.57,24.6382
11.58,24.6385
11.59,24.6388
11.6,24.6392
11.61,24.6397
11.62,24.6402
11.63,24.6408
11.64,24.6414
11.65,24.6421
11.66,24.6429
11.67,24.6437
11.68,24.6446
11.69,24.6455
11.7,24.6465
11.71,24.6475
11.72,24.6487
11.73,24.6498
11.74,24.6511
11.75,24.6524
11.76,24.6537
11.77,24.6551
11.78,24.6566
11.79,24.6581
11.8,24.6597
11.81,24.6613
11.82,24.663
11.83,24.6648
11.84,24.6666
11.85,24.6685
11.86,24.6705
11.87,24.6725
11.88,24.6746
11.89,24.6767
11.9,24.6789
11.91,24.6811
11.92,24.6834
11.93,24.6858
11.94,24.6883
11.95,24.6908
11.96,24.6933
11.97,24.6959
11.98,24.6986
11.99,24.7014
12,24.7042
12.01,24.7071
12.02,24.71
12.03,24.713
12.04,24.7161
12.05,24.7192
12.06,24.7224
12.07,24.7256
12.08,24.729
12.09,24.7323
12.1,24.7358
12.11,24.7393
12.12,24.7429
12.13,24.7465
12.14,24.7502
12.15,24.754
12.16,24.7578
12.17,24.7617
12.18,24.7657
12.19,24.7697
12.2,24.7738
12.21,24.7779
12.22,24.7821
12.23,24.7864
12.24,24.7907
12.25,24.7951
12.26,24.7995
12.27,24.804
12.28,24.8086
12.29,24.8132
12.3,24.8178
12.31,24.8226
12.32,24.8273
12.33,24.8321
12.34,24.837
12.35,24.8419
12.36,24.8469
12.37,24.8519
12.38,24.8569
12.39,24.862
12.4,24.8671
12.41,24.8723
12.42,24.8775
12.43,24.8827
12.44,24.888
12.45,24.8933
12.46,24.8986
12.47,24.9039
12.48,24.9092
12.49,24.9146
12.5,24.92
12.51,24.9254
12.52,24.9308
12.53,24.9362
12.54,24.9416
12.55,24.947
12.56,24.9524
12.57,24.9578
12.58,24.9633
12.59,24.9686
12.6,24.974
12.61,24.9794
12.62,24.9847
12.63,24.9901
12.64,24.9954
12.65,25.0006
12.66,25.0059
12.67,25.0111
12.68,25.0163
12.69,25.0214
12.7,25.0266
12.71,25.0316
12.72,25.0367
12.73,25.0417
12.74,25.0466
12.75,25.0515
12.76,25.0563
12.77,25.0611
12.78,25.0659
12.79,25.0706
12.8,25.0752
12.81,25.0798
12.82,25.0843
12.83,25.0888
12.84,25.0932
12.85,25.0975
12.86,25.1018
12.87,25.1061
12.88,25.1102
12.89,25.1144
12.9,25.1184
12.91,25.1224
12.92,25.1264
12.93,25.1302
12.94,25.134
12.95,25.1378
12.96,25.1415
12.97,25.1451
12.98,25.1487
12.99,25.1522
13,25.1557
13.01,25.1591
13.02,25.1625
13.03,25.1658
13.04,25.169
13.05,25.1722
13.06,25.1754
13.07,25.1785
13.08,25.1815
13.09,25.1845
13.1,25.1875
13.11,25.1904
13.12,25.1932
13.13,25.196
13.14,25.1988
13.15,25.2015
13.16,25.2042
13.17,25.2068
13.18,25.2094
13.19,25.212
13.2,25.2145
13.21,25.2169
13.22,25.2194
13.23,25.2218
13.24,25.2241
13.25,25.2265
13.26,25.2287
13.27,25.231
13.28,25.2332
13.29,25.2354
13.3,25.2375
13.31,25.2396
13.32,25.2417
13.33,25.2437
13.34,25.2457
13.35,25.2477
13.36,25.2496
13.37,25.2515
13.38,25.2534
13.39,25.2552
13.4,25.257
13.41,25.2587
13.42,25.2604
13.43,25.2621
13.44,25.2637
13.45,25.2653
13.46,25.2668
13.47,25.2683
13.48,25.2698
13.49,25.2712
13.5,25.2726
13.51,25.274
13.52,25.2753
13.53,25.2765
13.54,25.2777
13.55,25.2789
13.56,25.28
13.57,25.2811
13.58,25.2821
13.59,25.2831
13.6,25.284
13.61,25.2849
13.62,25.2857
13.63,25.2865
13.64,25.2872
13.65,25.2879
13.66,25.2885
13.67,25.2891
13.68,25.2896
13.69,25.29
13.7,25.2904
13.71,25.2908
13.72,25.2911
13.73,25.2913
13.74,25.2914
13.75,25.2915
13.76,25.2916
13.77,25.2916
13.78,25.2915
13.79,25.2913
13.8,25.2911
13.81,25.2909
13.82,25.2905
13.83,25.2901
13.84,25.2897
13.85,25.2891
13.86,25.2885
13.87,25.2878
13.88,25.2871
13.89,25.2863
13.9,25.2854
13.91,25.2845
13.92,25.2834
13.93,25.2823
13.94,25.2812
13.95,25.2799
13.96,25.2786
13.97,25.2772
13.98,25.2757
13.99,25.2741
14,25.2725
14.01,25.2708
14.02,25.269
14.03,25.2671
14.04,25.2652
14.05,25.2631
14.06,25.261
14.07,25.2588
14.08,25.2565
14.09,25.2542
14.1,25.2517
14.11,25.2492
14.12,25.2465
14.13,25.2438
14.14,25.241
14.15,25.2381
14.16,25.2351
14.17,25.232
14.18,25.2289
14.19,25.2256
14.2,25.2223
14.21,25.2188
14.22,25.2153
14.23,25.2116
14.24,25.2079
14.25,25.2041
14.26,25.2002
14.27,25.1962
14.28,25.1921
14.29,25.1878
14.3,25.1836
14.31,25.1792
14.32,25.1747
14.33,25.1701
14.34,25.1654
14.35,25.1606
14.36,25.1558
14.37,25.1508
14.38,25.1457
14.39,25.1406
14.4,25.1353
14.41,25.13
14.42,25.1246
14.43,25.119
14.44,25.1134
14.45,25.1077
14.46,25.102
14.47,25.0961
14.48,25.0901
14.49,25.0841
14.5,25.078
14.51,25.0718
14.52,25.0655
14.53,25.0591
14.54,25.0527
14.55,25.0462
14.56,25.0396
14.57,25.033
14.58,25.0262
14.59,25.0194
14.6,25.0126
14.61,25.0057
14.62,24.9987
14.63,24.9916
14.64,24.9845
14.65,24.9774
14.66,24.9702
14.67,24.9629
14.68,24.9556
14.69,24.9482
14.7,24.9408
14.71,24.9334
14.72,24.9258
14.73,24.9183
14.74,24.9107
14.75,24.9031
14.76,24.8954
14.77,24.8878
14.78,24.88
14.79,24.8723
14.8,24.8645
14.81,24.8567
14.82,24.8488
14.83,24.841
14.84,24.8331
14.85,24.8252
14.86,24.8172
14.87,24.8093
14.88,24.8013
14.89,24.7933
14.9,24.7853
14.91,24.7773
14.92,24.7693
14.93,24.7612
14.94,24.7531
14.95,24.7451
14.96,24.737
14.97,24.7289
14.98,24.7208
14.99,24.7127
15,24.7046
15.01,24.6965
15.02,24.6884
15.03,24.6803
15.04,24.6722
15.05,24.664
15.06,24.6559
15.07,24.6478
15.08,24.6397
15.09,24.6316
15.1,24.6235
15.11,24.6154
15.12,24.6073
15.13,24.5992
15.14,24.5911
15.15,24.583
15.16,24.5749
15.17,24.5668
15.18,24.5588
15.19,24.5507
15.2,24.5427
15.21,24.5347
15.22,24.5267
15.23,24.5187
15.24,24.5107
15.25,24.5027
15.26,24.4948
15.27,24.4869
15.28,24.479
15.29,24.4711
15.3,24.4632
15.31,24.4553
15.32,24.4475
15.33,24.4397
15.34,24.432
15.35,24.4242
15.36,24.4165
15.37,24.4088
15.38,24.4011
15.39,24.3935
15.4,24.3859
15.41,24.3784
15.42,24.3708
15.43,24.3633
15.44,24.3559
15.45,24.3485
15.46,24.3411
15.47,24.3337
15.48,24.3265
15.49,24.3192
15.5,24.312
15.51,24.3048
15.52,24.2977
15.53,24.2907
15.54,24.2836
15.55,24.2767
15.56,24.2698
15.57,24.2629
15.58,24.2561
15.59,24.2494
15.6,24.2427
15.61,24.2361
15.62,24.2295
15.63,24.223
15.64,24.2165
15.65,24.2102
15.66,24.2038
15.67,24.1976
15.68,24.1914
15.69,24.1853
15.7,24.1793
15.71,24.1733
15.72,24.1674
15.73,24.1616
15.74,24.1558
15.75,24.1502
15.76,24.1446
15.77,24.139
15.78,24.1336
15.79,24.1282
15.8,24.123
15.81,24.1178
15.82,24.1127
15.83,24.1076
15.84,24.1027
15.85,24.0978
15.86,24.093
15.87,24.0884
15.88,24.0837
15.89,24.0792
15.9,24.0748
15.91,24.0705
15.92,24.0662
15.93,24.0621
15.94,24.058
15.95,24.054
15.96,24.0501
15.97,24.0463
15.98,24.0426
15.99,24.039
16,24.0355
16.01,24.032
16.02,24.0287
16.03,24.0254
16.04,24.0222
16.05,24.0192
16.06,24.0162
16.07,24.0133
16.08,24.0104
16.09,24.0077
16.1,24.0051
16.11,24.0025
16.12,24.0001
16.13,23.9977
16.14,23.9954
16.15,23.9932
16.16,23.9911
16.17,23.989
16.18,23.9871
16.19,23.9852
16.2,23.9834
16.21,23.9817
16.22,23.9801
16.23,23.9785
16.24,23.977
16.25,23.9756
16.26,23.9743
16.27,23.973
16.28,23.9718
16.29,23.9707
16.3,23.9697
16.31,23.9687
16.32,23.9678
16.33,23.967
16.34,23.9663
16.35,23.9656
16.36,23.9649
16.37,23.9644
16.38,23.9639
16.39,23.9634
16.4,23.9631
16.41,23.9627
16.42,23.9625
16.43,23.9623
16.44,23.9621
16.45,23.962
16.46,23.962
16.47,23.962
16.48,23.9621
16.49,23.9622
16.5,23.9624
16.51,23.9627
16.52,23.9629
16.53,23.9633
16.54,23.9636
16.55,23.9641
16.56,23.9645
16.57,23.9651
16.58,23.9656
16.59,23.9662
16.6,23.9669
16.61,23.9676
16.62,23.9683
16.63,23.9691
16.64,23.9699
16.65,23.9708
16.66,23.9717
16.67,23.9726
16.68,23.9736
16.69,23.9746
16.7,23.9756
16.71,23.9767
16.72,23.9778
16.73,23.979
16.74,23.9802
16.75,23.9814
16.76,23.9826
16.77,23.9839
16.78,23.9852
16.79,23.9866
16.8,23.988
16.81,23.9894
16.82,23.9908
16.83,23.9923
16.84,23.9938
16.85,23.9954
16.86,23.9969
16.87,23.9985
16.88,24.0001
16.89,24.0018
16.9,24.0034
16.91,24.0051
16.92,24.0069
16.93,24.0086
16.94,24.0104
16.95,24.0122
16.96,24.014
16.97,24.0158
16.98,24.0177
16.99,24.0196
17,24.0215
17.01,24.0234
17.02,24.0254
17.03,24.0273
17.04,24.0293
17.05,24.0313
17.06,24.0334
17.07,24.0354
17.08,24.0375
17.09,24.0395
17.1,24.0416
17.11,24.0437
17.12,24.0458
17.13,24.048
17.14,24.0501
17.15,24.0522
17.16,24.0544
17.17,24.0566
17.18,24.0588
17.19,24.061
17.2,24.0632
17.21,24.0654
17.22,24.0676
17.23,24.0698
17.24,24.072
17.25,24.0743
17.26,24.0765
17.27,24.0787
17.28,24.081
17.29,24.0832
17.3,24.0855
17.31,24.0877
17.32,24.0899
17.33,24.0922
17.34,24.0944
17.35,24.0966
17.36,24.0989
17.37,24.1011
17.38,24.1033
17.39,24.1055
17.4,24.1077
17.41,24.1099
17.42,24.1121
17.43,24.1142
17.44,24.1164
17.45,24.1185
17.46,24.1206
17.47,24.1228
17.48,24.1248
17.49,24.1269
17.5,24.129
17.51,24.131
17.52,24.133
17.53,24.135
17.54,24.137
17.55,24.1389
17.56,24.1409
17.57,24.1427
17.58,24.1446
17.59,24.1465
17.6,24.1483
17.61,24.15
17.62,24.1518
17.63,24.1535
17.64,24.1552
17.65,24.1568
17.66,24.1584
17.67,24.1599
17.68,24.1614
17.69,24.1629
17.7,24.1643
17.71,24.1657
17.72,24.1671
17.73,24.1683
17.74,24.1696
17.75,24.1708
17.76,24.1719
17.77,24.173
17.78,24.174
17.79,24.175
17.8,24.1759
17.81,24.1768
17.82,24.1776
17.83,24.1783
17.84,24.179
17.85,24.1796
17.86,24.1801
17.87,24.1806
17.88,24.181
17.89,24.1813
17.9,24.1816
17.91,24.1818
17.92,24.1819
17.93,24.1819
17.94,24.1819
17.95,24.1818
17.96,24.1816
17.97,24.1813
17.98,24.181
17.99,24.1806
18,24.18
18.01,24.1795
18.02,24.1788
18.03,24.178
18.04,24.1772
18.05,24.1762
18.06,24.1752
18.07,24.1741
18.08,24.1729
18.09,24.1716
18.1,24.1702
18.11,24.1688
18.12,24.1672
18.13,24.1655
18.14,24.1638
18.15,24.1619
18.16,24.16
18.17,24.158
18.18,24.1558
18.19,24.1536
18.2,24.1513
18.21,24.1489
18.22,24.1464
18.23,24.1438
18.24,24.1411
18.25,24.1383
18.26,24.1354
18.27,24.1324
18.28,24.1293
18.29,24.1261
18.3,24.1228
18.31,24.1194
18.32,24.1159
18.33,24.1123
18.34,24.1086
18.35,24.1049
18.36,24.101
18.37,24.097
18.38,24.0929
18.39,24.0887
18.4,24.0845
18.41,24.0801
18.42,24.0756
18.43,24.0711
18.44,24.0664
18.45,24.0616
18.46,24.0568
18.47,24.0518
18.48,24.0468
18.49,24.0416
18.5,24.0364
18.51,24.031
18.52,24.0256
18.53,24.0201
18.54,24.0145
18.55,24.0087
18.56,24.0029
18.57,23.997
18.58,23.991
18.59,23.9849
18.6,23.9787
18.61,23.9725
18.62,23.9661
18.63,23.9596
18.64,23.9531
18.65,23.9464
18.66,23.9397
18.67,23.9329
18.68,23.926
18.69,23.919
18.7,23.9119
18.71,23.9047
18.72,23.8974
18.73,23.8901
18.74,23.8827
18.75,23.8751
18.76,23.8675
18.77,23.8598
18.78,23.8521
18.79,23.8442
18.8,23.8363
18.81,23.8282
18.82,23.8201
18.83,23.812
18.84,23.8037
18.85,23.7953
18.86,23.7869
18.87,23.7784
18.88,23.7698
18.89,23.7612
18.9,23.7524
18.91,23.7436
18.92,23.7347
18.93,23.7257
18.94,23.7167
18.95,23.7075
18.96,23.6983
18.97,23.6891
18.98,23.6797
18.99,23.6703
19,23.6608
19.01,23.6512
19.02,23.6416
19.03,23.6319
19.04,23.6221
19.05,23.6122
19.06,23.6023
19.07,23.5923
19.08,23.5822
19.09,23.5721
19.1,23.5618
19.11,23.5516
19.12,23.5412
19.13,23.5308
19.14,23.5203
19.15,23.5097
19.16,23.4991
19.17,23.4884
19.18,23.4776
19.19,23.4668
19.2,23.4558
19.21,23.4449
19.22,23.4338
19.23,23.4227
19.24,23.4115
19.25,23.4002
19.26,23.3889
19.27,23.3775
19.28,23.366
19.29,23.3545
19.3,23.3428
19.31,23.3311
19.32,23.3194
19.33,23.3075
19.34,23.2956
19.35,23.2837
19.36,23.2716
19.37,23.2595
19.38,23.2473
19.39,23.235
19.4,23.2227
19.41,23.2102
19.42,23.1977
19.43,23.1852
19.44,23.1725
19.45,23.1598
19.46,23.147
19.47,23.1341
19.48,23.1211
19.49,23.1081
19.5,23.095
19.51,23.0818
19.52,23.0685
19.53,23.0551
19.54,23.0417
19.55,23.0282
19.56,23.0146
19.57,23.0009
19.58,22.9871
19.59,22.9732
19.6,22.9593
19.61,22.9453
19.62,22.9312
19.63,22.917
19.64,22.9027
19.65,22.8884
19.66,22.8739
19.67,22.8594
19.68,22.8448
19.69,22.8301
19.7,22.8153
19.71,22.8005
19.72,22.7855
19.73,22.7705
19.74,22.7554
19.75,22.7402
19.76,22.7249
19.77,22.7095
19.78,22.6941
19.79,22.6785
19.8,22.6629
19.81,22.6472
19.82,22.6315
19.83,22.6156
19.84,22.5997
19.85,22.5837
19.86,22.5676
19.87,22.5514
19.88,22.5352
19.89,22.5189
19.9,22.5025
19.91,22.4861
19.92,22.4696
19.93,22.453
19.94,22.4363
19.95,22.4196
19.96,22.4028
19.97,22.386
19.98,22.3691
19.99,22.3521
20,22.3351
20.01,22.318
20.02,22.3009
20.03,22.2837
20.04,22.2665
20.05,22.2492
20.06,22.2319
20.07,22.2146
20.08,22.1972
20.09,22.1797
20.1,22.1623
20.11,22.1447
20.12,22.1272
20.13,22.1096
20.14,22.092
20.15,22.0744
20.16,22.0568
20.17,22.0391
20.18,22.0214
20.19,22.0037
20.2,21.986
20.21,21.9683
20.22,21.9505
20.23,21.9328
20.24,21.915
20.25,21.8973
20.26,21.8795
20.27,21.8618
20.28,21.844
20.29,21.8263
20.3,21.8085
20.31,21.7908
20.32,21.7731
20.33,21.7554
20.34,21.7377
20.35,21.72
20.36,21.7023
20.37,21.6846
20.38,21.667
20.39,21.6494
20.4,21.6318
20.41,21.6142
20.42,21.5967
20.43,21.5792
20.44,21.5617
20.45,21.5442
20.46,21.5268
20.47,21.5094
20.48,21.492
20.49,21.4747
20.5,21.4573
20.51,21.4401
20.52,21.4228
20.53,21.4056
20.54,21.3884
20.55,21.3713
20.56,21.3541
20.57,21.337
20.58,21.32
20.59,21.3029
20.6,21.2859
20.61,21.269
20.62,21.2521
20.63,21.2351
20.64,21.2183
20.65,21.2014
20.66,21.1846
20.67,21.1678
20.68,21.1511
20.69,21.1343
20.7,21.1176
20.71,21.1009
20.72,21.0843
20.73,21.0676
20.74,21.051
20.75,21.0344
20.76,21.0178
20.77,21.0012
20.78,20.9847
20.79,20.9682
20.8,20.9516
20.81,20.9351
20.82,20.9186
20.83,20.9021
20.84,20.8856
20.85,20.8691
20.86,20.8526
20.87,20.8361
20.88,20.8196
20.89,20.8031
20.9,20.7866
20.91,20.7701
20.92,20.7536
20.93,20.7371
20.94,20.7205
20.95,20.704
20.96,20.6874
20.97,20.6708
20.98,20.6542
20.99,20.6376
21,20.6209
21.01,20.6042
21.02,20.5875
21.03,20.5707
21.04,20.554
21.05,20.5371
21.06,20.5203
21.07,20.5034
21.08,20.4865
21.09,20.4695
21.1,20.4525
21.11,20.4355
21.12,20.4184
21.13,20.4012
21.14,20.384
21.15,20.3668
21.16,20.3495
21.17,20.3322
21.18,20.3147
21.19,20.2973
21.2,20.2798
21.21,20.2622
21.22,20.2446
21.23,20.2269
21.24,20.2091
21.25,20.1913
21.26,20.1734
21.27,20.1554
21.28,20.1374
21.29,20.1193
21.3,20.1012
21.31,20.0829
21.32,20.0647
21.33,20.0463
21.34,20.0279
21.35,20.0094
21.36,19.9908
21.37,19.9722
21.38,19.9534
21.39,19.9347
21.4,19.9158
21.41,19.8969
21.42,19.8779
21.43,19.8588
21.44,19.8397
21.45,19.8205
21.46,19.8012
21.47,19.7818
21.48,19.7624
21.49,19.7429
21.5,19.7234
21.51,19.7037
21.52,19.684
21.53,19.6643
21.54,19.6444
21.55,19.6245
21.56,19.6046
21.57,19.5845
21.58,19.5644
21.59,19.5443
21.6,19.5241
21.61,19.5038
21.62,19.4834
21.63,19.463
21.64,19.4425
21.65,19.422
21.66,19.4014
21.67,19.3808
21.68,19.3601
21.69,19.3393
21.7,19.3185
21.71,19.2976
21.72,19.2767
21.73,19.2557
21.74,19.2347
21.75,19.2136
21.76,19.1925
21.77,19.1713
21.78,19.1501
21.79,19.1288
21.8,19.1075
21.81,19.0862
21.82,19.0647
21.83,19.0433
21.84,19.0218
21.85,19.0003
21.86,18.9787
21.87,18.9571
21.88,18.9354
21.89,18.9137
21.9,18.892
21.91,18.8702
21.92,18.8484
21.93,18.8266
21.94,18.8047
21.95,18.7828
21.96,18.7608
21.97,18.7389
21.98,18.7169
21.99,18.6948
22,18.6728
22.01,18.6507
22.02,18.6286
22.03,18.6065
22.04,18.5843
22.05,18.5621
22.06,18.5399
22.07,18.5177
22.08,18.4955
22.09,18.4732
22.1,18.451
22.11,18.4287
22.12,18.4064
22.13,18.3841
22.14,18.3618
22.15,18.3395
22.16,18.3172
22.17,18.2949
22.18,18.2726
22.19,18.2503
22.2,18.228
22.21,18.2057
22.22,18.1834
22.23,18.1611
22.24,18.1388
22.25,18.1166
22.26,18.0943
22.27,18.0721
22.28,18.0499
22.29,18.0277
22.3,18.0056
22.31,17.9835
22.32,17.9614
22.33,17.9394
22.34,17.9174
22.35,17.8954
22.36,17.8735
22.37,17.8516
22.38,17.8298
22.39,17.808
22.4,17.7863
22.41,17.7646
22.42,17.7431
22.43,17.7215
22.44,17.7001
22.45,17.6787
22.46,17.6574
22.47,17.6362
22.48,17.615
22.49,17.594
22.5,17.573
22.51,17.5521
22.52,17.5313
22.53,17.5107
22.54,17.4901
22.55,17.4696
22.56,17.4493
22.57,17.429
22.58,17.4089
22.59,17.3889
22.6,17.369
22.61,17.3493
22.62,17.3296
22.63,17.3101
22.64,17.2908
22.65,17.2716
22.66,17.2525
22.67,17.2336
22.68,17.2148
22.69,17.1962
22.7,17.1777
22.71,17.1594
22.72,17.1413
22.73,17.1233
22.74,17.1055
22.75,17.0878
22.76,17.0704
22.77,17.0531
22.78,17.0359
22.79,17.019
22.8,17.0022
22.81,16.9856
22.82,16.9692
22.83,16.953
22.84,16.9369
22.85,16.9211
22.86,16.9054
22.87,16.8899
22.88,16.8746
22.89,16.8595
22.9,16.8446
22.91,16.8299
22.92,16.8153
22.93,16.8009
22.94,16.7868
22.95,16.7728
22.96,16.759
22.97,16.7454
22.98,16.7319
22.99,16.7187
23,16.7056
23.01,16.6927
23.02,16.68
23.03,16.6675
23.04,16.6551
23.05,16.6429
23.06,16.6309
23.07,16.6191
23.08,16.6074
23.09,16.5959
23.1,16.5846
23.11,16.5734
23.12,16.5623
23.13,16.5515
23.14,16.5408
23.15,16.5302
23.16,16.5198
23.17,16.5095
23.18,16.4993
23.19,16.4893
23.2,16.4795
23.21,16.4697
23.22,16.4601
23.23,16.4506
23.24,16.4412
23.25,16.432
23.26,16.4228
23.27,16.4138
23.28,16.4049
23.29,16.396
23.3,16.3873
23.31,16.3786
23.32,16.3701
23.33,16.3616
23.34,16.3532
23.35,16.3448
23.36,16.3366
23.37,16.3284
23.38,16.3202
23.39,16.3122
23.4,16.3041
23.41,16.2961
23.42,16.2882
23.43,16.2803
23.44,16.2724
23.45,16.2646
23.46,16.2567
23.47,16.2489
23.48,16.2411
23.49,16.2333
23.5,16.2255
23.51,16.2177
23.52,16.2099
23.53,16.2021
23.54,16.1943
23.55,16.1864
23.56,16.1785
23.57,16.1706
23.58,16.1627
23.59,16.1547
23.6,16.1466
23.61,16.1386
23.62,16.1304
23.63,16.1223
23.64,16.114
23.65,16.1057
23.66,16.0973
23.67,16.0889
23.68,16.0804
23.69,16.0718
23.7,16.0631
23.71,16.0544
23.72,16.0455
23.73,16.0366
23.74,16.0276
23.75,16.0185
23.76,16.0093
23.77,16
23.78,15.9906
23.79,15.9811
23.8,15.9715
23.81,15.9618
23.82,15.952
23.83,15.9421
23.84,15.9322
23.85,15.9221
23.86,15.9119
23.87,15.9016
23.88,15.8912
23.89,15.8807
23.9,15.8701
23.91,15.8594
23.92,15.8486
23.93,15.8377
23.94,15.8267
23.95,15.8156
23.96,15.8044
23.97,15.7931
23.98,15.7818
23.99,15.7703
24,15.7588
24.01,15.7472
24.02,15.7355
24.03,15.7237
24.04,15.7119
24.05,15.7
24.06,15.688
24.07,15.6759
24.08,15.6638
24.09,15.6517
24.1,15.6395
24.11,15.6272
24.12,15.6149
24.13,15.6026
24.14,15.5902
24.15,15.5778
24.16,15.5653
24.17,15.5528
24.18,15.5403
24.19,15.5278
24.2,15.5153
24.21,15.5028
24.22,15.4903
24.23,15.4777
24.24,15.4652
24.25,15.4527
24.26,15.4402
24.27,15.4278
24.28,15.4153
24.29,15.4029
24.3,15.3906
24.31,15.3782
24.32,15.366
24.33,15.3537
24.34,15.3416
24.35,15.3295
24.36,15.3175
24.37,15.3055
24.38,15.2937
24.39,15.2819
24.4,15.2702
24.41,15.2586
24.42,15.2472
24.43,15.2358
24.44,15.2246
24.45,15.2135
24.46,15.2025
24.47,15.1916
24.48,15.1809
24.49,15.1704
24.5,15.16
24.51,15.1497
24.52,15.1397
24.53,15.1298
24.54,15.12
24.55,15.1105
24.56,15.1012
24.57,15.092
24.58,15.0831
24.59,15.0743
24.6,15.0658
24.61,15.0575
24.62,15.0494
24.63,15.0416
24.64,15.034
24.65,15.0266
24.66,15.0195
24.67,15.0126
24.68,15.006
24.69,14.9997
24.7,14.9936
24.71,14.9878
24.72,14.9822
24.73,14.9769
24.74,14.9719
24.75,14.9672
24.76,14.9628
24.77,14.9587
24.78,14.9548
24.79,14.9513
24.8,14.948
24.81,14.9451
24.82,14.9424
24.83,14.94
24.84,14.9379
24.85,14.9362
24.86,14.9347
24.87,14.9335
24.88,14.9326
24.89,14.932
24.9,14.9317
24.91,14.9317
24.92,14.932
24.93,14.9325
24.94,14.9334
24.95,14.9345
24.96,14.9359
24.97,14.9375
24.98,14.9394
24.99,14.9416
25,14.944
25.01,14.9467
25.02,14.9496
25.03,14.9527
25.04,14.9561
25.05,14.9597
25.06,14.9634
25.07,14.9674
25.08,14.9716
25.09,14.9759
25.1,14.9805
25.11,14.9852
25.12,14.99
25.13,14.995
25.14,15.0002
25.15,15.0054
25.16,15.0108
25.17,15.0163
25.18,15.0219
25.19,15.0275
25.2,15.0333
25.21,15.0391
25.22,15.045
25.23,15.0509
25.24,15.0568
25.25,15.0628
25.26,15.0688
25.27,15.0748
25.28,15.0808
25.29,15.0868
25.3,15.0928
25.31,15.0987
25.32,15.1046
25.33,15.1104
25.34,15.1162
25.35,15.1219
25.36,15.1276
25.37,15.1331
25.38,15.1386
25.39,15.144
25.4,15.1492
25.41,15.1544
25.42,15.1595
25.43,15.1644
25.44,15.1692
25.45,15.1738
25.46,15.1784
25.47,15.1828
25.48,15.187
25.49,15.1911
25.5,15.195
25.51,15.1988
25.52,15.2024
25.53,15.2059
25.54,15.2092
25.55,15.2123
25.56,15.2153
25.57,15.2181
25.58,15.2208
25.59,15.2232
25.6,15.2255
25.61,15.2277
25.62,15.2296
25.63,15.2314
25.64,15.233
25.65,15.2345
25.66,15.2358
25.67,15.237
25.68,15.2379
25.69,15.2388
25.7,15.2394
25.71,15.24
25.72,15.2403
25.73,15.2406
25.74,15.2406
25.75,15.2406
25.76,15.2404
25.77,15.2401
25.78,15.2396
25.79,15.239
25.8,15.2383
25.81,15.2375
25.82,15.2366
25.83,15.2355
25.84,15.2344
25.85,15.2331
25.86,15.2318
25.87,15.2303
25.88,15.2288
25.89,15.2272
25.9,15.2255
25.91,15.2237
25.92,15.2219
25.93,15.22
25.94,15.218
25.95,15.216
25.96,15.2139
25.97,15.2118
25.98,15.2096
25.99,15.2074
26,15.2051
26.01,15.2028
26.02,15.2005
26.03,15.1981
26.04,15.1957
26.05,15.1933
26.06,15.1909
26.07,15.1885
26.08,15.1861
26.09,15.1836
26.1,15.1812
26.11,15.1787
26.12,15.1763
26.13,15.1738
26.14,15.1714
26.15,15.169
26.16,15.1666
26.17,15.1642
26.18,15.1618
26.19,15.1595
26.2,15.1572
26.21,15.1549
26.22,15.1526
26.23,15.1504
26.24,15.1482
26.25,15.146
26.26,15.1439
26.27,15.1418
26.28,15.1397
26.29,15.1377
26.3,15.1357
26.31,15.1337
26.32,15.1319
26.33,15.13
26.34,15.1282
26.35,15.1264
26.36,15.1247
26.37,15.1231
26.38,15.1214
26.39,15.1199
26.4,15.1183
26.41,15.1169
26.42,15.1154
26.43,15.1141
26.44,15.1127
26.45,15.1115
26.46,15.1102
26.47,15.1091
26.48,15.1079
26.49,15.1068
26.5,15.1058
26.51,15.1048
26.52,15.1039
26.53,15.103
26.54,15.1022
26.55,15.1014
26.56,15.1006
26.57,15.0999
26.58,15.0992
26.59,15.0986
26.6,15.0981
26.61,15.0975
26.62,15.097
26.63,15.0966
26.64,15.0962
26.65,15.0958
26.66,15.0955
26.67,15.0952
26.68,15.095
26.69,15.0948
26.7,15.0946
26.71,15.0944
26.72,15.0943
26.73,15.0943
26.74,15.0942
26.75,15.0942
26.76,15.0942
26.77,15.0943
26.78,15.0944
26.79,15.0945
26.8,15.0946
26.81,15.0948
26.82,15.095
26.83,15.0953
26.84,15.0955
26.85,15.0958
26.86,15.0961
26.87,15.0965
26.88,15.0968
26.89,15.0972
26.9,15.0976
26.91,15.0981
26.92,15.0985
26.93,15.099
26.94,15.0995
26.95,15.1
26.96,15.1006
26.97,15.1012
26.98,15.1018
26.99,15.1024
27,15.1031
27.01,15.1038
27.02,15.1045
27.03,15.1052
27.04,15.106
27.05,15.1067
27.06,15.1076
27.07,15.1084
27.08,15.1093
27.09,15.1102
27.1,15.1111
27.11,15.112
27.12,15.113
27.13,15.1141
27.14,15.1151
27.15,15.1162
27.16,15.1173
27.17,15.1185
27.18,15.1197
27.19,15.121
27.2,15.1222
27.21,15.1236
27.22,15.125
27.23,15.1264
27.24,15.1279
27.25,15.1294
27.26,15.131
27.27,15.1326
27.28,15.1343
27.29,15.1361
27.3,15.1379
27.31,15.1397
27.32,15.1417
27.33,15.1437
27.34,15.1458
27.35,15.148
27.36,15.1502
27.37,15.1525
27.38,15.1549
27.39,15.1574
27.4,15.16
27.41,15.1627
27.42,15.1655
27.43,15.1684
27.44,15.1713
27.45,15.1744
27.46,15.1776
27.47,15.1809
27.48,15.1843
27.49,15.1879
27.5,15.1916
27.51,15.1954
27.52,15.1993
27.53,15.2034
27.54,15.2076
27.55,15.2119
27.56,15.2164
27.57,15.2211
27.58,15.2259
27.59,15.2308
27.6,15.236
27.61,15.2413
27.62,15.2467
27.63,15.2524
27.64,15.2582
27.65,15.2642
27.66,15.2704
27.67,15.2767
27.68,15.2833
27.69,15.2901
27.7,15.2971
27.71,15.3042
27.72,15.3116
27.73,15.3192
27.74,15.3271
27.75,15.3351
27.76,15.3434
27.77,15.3519
27.78,15.3606
27.79,15.3695
27.8,15.3787
27.81,15.3882
27.82,15.3978
27.83,15.4078
27.84,15.4179
27.85,15.4284
27.86,15.439
27.87,15.45
27.88,15.4612
27.89,15.4726
27.9,15.4843
27.91,15.4963
27.92,15.5086
27.93,15.5211
27.94,15.5339
27.95,15.5469
27.96,15.5603
27.97,15.5739
27.98,15.5878
27.99,15.602
28,15.6164
28.01,15.6312
28.02,15.6462
28.03,15.6615
28.04,15.677
28.05,15.6929
28.06,15.7091
28.07,15.7255
28.08,15.7422
28.09,15.7592
28.1,15.7765
28.11,15.7941
28.12,15.8119
28.13,15.83
28.14,15.8485
28.15,15.8672
28.16,15.8862
28.17,15.9054
28.18,15.925
28.19,15.9448
28.2,15.9649
28.21,15.9853
28.22,16.006
28.23,16.027
28.24,16.0482
28.25,16.0697
28.26,16.0915
28.27,16.1136
28.28,16.1359
28.29,16.1585
28.3,16.1814
28.31,16.2046
28.32,16.228
28.33,16.2517
28.34,16.2757
28.35,16.3
28.36,16.3245
28.37,16.3493
28.38,16.3743
28.39,16.3996
28.4,16.4252
28.41,16.4511
28.42,16.4772
28.43,16.5036
28.44,16.5302
28.45,16.5571
28.46,16.5843
28.47,16.6117
28.48,16.6394
28.49,16.6673
28.5,16.6956
28.51,16.724
28.52,16.7528
28.53,16.7817
28.54,16.811
28.55,16.8405
28.56,16.8703
28.57,16.9003
28.58,16.9306
28.59,16.9611
28.6,16.992
28.61,17.023
28.62,17.0543
28.63,17.0859
28.64,17.1177
28.65,17.1498
28.66,17.1822
28.67,17.2148
28.68,17.2476
28.69,17.2807
28.7,17.3141
28.71,17.3477
28.72,17.3815
28.73,17.4157
28.74,17.45
28.75,17.4846
28.76,17.5195
28.77,17.5546
28.78,17.5899
28.79,17.6255
28.8,17.6613
28.81,17.6974
28.82,17.7337
28.83,17.7702
28.84,17.807
28.85,17.844
28.86,17.8812
28.87,17.9186
28.88,17.9563
28.89,17.9941
28.9,18.0322
28.91,18.0705
28.92,18.109
28.93,18.1478
28.94,18.1867
28.95,18.2258
28.96,18.2651
28.97,18.3046
28.98,18.3443
28.99,18.3841
29,18.4241
29.01,18.4643
29.02,18.5047
29.03,18.5453
29.04,18.5859
29.05,18.6268
29.06,18.6678
29.07,18.7089
29.08,18.7502
29.09,18.7916
29.1,18.8332
29.11,18.8749
29.12,18.9167
29.13,18.9586
29.14,19.0006
29.15,19.0427
29.16,19.085
29.17,19.1273
29.18,19.1698
29.19,19.2123
29.2,19.2549
29.21,19.2976
29.22,19.3404
29.23,19.3833
29.24,19.4262
29.25,19.4692
29.26,19.5123
29.27,19.5554
29.28,19.5986
29.29,19.6419
29.3,19.6852
29.31,19.7285
29.32,19.7719
29.33,19.8154
29.34,19.8589
29.35,19.9024
29.36,19.946
29.37,19.9896
29.38,20.0332
29.39,20.0769
29.4,20.1206
29.41,20.1643
29.42,20.2081
29.43,20.2518
29.44,20.2956
29.45,20.3394
29.46,20.3832
29.47,20.427
29.48,20.4709
29.49,20.5147
29.5,20.5585
29.51,20.6024
29.52,20.6462
29.53,20.69
29.54,20.7339
29.55,20.7777
29.56,20.8215
29.57,20.8652
29.58,20.909
29.59,20.9527
29.6,20.9964
29.61,21.0401
29.62,21.0837
29.63,21.1273
29.64,21.1708
29.65,21.2143
29.66,21.2577
29.67,21.3011
29.68,21.3444
29.69,21.3876
29.7,21.4308
29.71,21.4739
29.72,21.5169
29.73,21.5598
29.74,21.6026
29.75,21.6453
29.76,21.6879
29.77,21.7303
29.78,21.7727
29.79,21.8149
29.8,21.857
29.81,21.899
29.82,21.9408
29.83,21.9824
29.84,22.024
29.85,22.0653
29.86,22.1065
29.87,22.1475
29.88,22.1883
29.89,22.229
29.9,22.2694
29.91,22.3097
29.92,22.3497
29.93,22.3896
29.94,22.4292
29.95,22.4686
29.96,22.5078
29.97,22.5467
29.98,22.5855
29.99,22.624
