time_s,max_real_part,min_real_part,max_abs_imag,verdict
0.0,1.1036236031717448,-0.30203629262288895,4.033004409781471,UNSTABLE
0.25,0.8192895150104215,-0.1445228628101357,3.7012812582701025,UNSTABLE
0.5,1.0673204308002464,0.05716259047293093,3.1471385691637144,UNSTABLE
0.75,1.2636320499116729,-0.17710477186175388,3.0660758143490523,UNSTABLE
1.0,1.439581050075779,-0.3010592419542829,2.909489318307399,UNSTABLE
1.25,1.5509233046960558,-0.30171122407316175,2.675281620174861,UNSTABLE
1.5,1.5476204548856813,-0.33483283783717316,2.413546894841243,UNSTABLE
1.75,1.4452959123211904,-0.43360821042675524,2.1358008193843983,UNSTABLE
2.0,1.2594805592683782,-0.5585986431332548,2.0440350628883754,UNSTABLE
2.25,0.9183594968527118,-0.6282319250373237,2.0478010748973543,UNSTABLE
2.5,0.6729425288907225,-0.9725111036791204,1.9733771429368674,UNSTABLE
2.75,0.5367438459234541,-1.2739603763845917,1.8524132111371274,UNSTABLE
3.0,0.5832711132356712,-1.3947248384533695,1.6937562118493095,UNSTABLE
3.25,0.710898610905932,-1.434301986568977,1.7327250748800993,UNSTABLE
3.5,0.7542556514951438,-1.4260503284729387,1.748230874158061,UNSTABLE
3.75,0.6907119020152792,-1.42284114854536,1.7496735119945106,UNSTABLE
4.0,0.6267931310851723,-1.4495197807389983,1.790055896501489,UNSTABLE
4.25,0.6423278797404917,-1.41335229049071,1.8339504315037498,UNSTABLE
4.5,0.6490967142660897,-1.185361526138255,1.8580745912192564,UNSTABLE
4.75,0.6722571932792243,-0.7969667608428863,1.8424338797991848,UNSTABLE
5.0,0.7766492953797298,-0.8888144008615919,1.750411959817283,UNSTABLE
5.25,0.9339752900398157,-0.9490477248740564,1.6248658120882702,UNSTABLE
5.5,1.019805783212299,-0.8970844461706309,1.6116651083391118,UNSTABLE
5.75,0.9956426628906863,-0.6848799562779797,1.6897909351162923,UNSTABLE
6.0,1.3164084396270967,-0.35681270181538094,1.7765323860248325,UNSTABLE
6.25,1.087099189408904,-0.24303057379260162,1.8831245142257873,UNSTABLE
6.5,1.091240276470047,-0.5887990902301584,1.9907857822644401,UNSTABLE
6.75,1.051532697152999,-0.6884687694226564,1.8115014839086914,UNSTABLE
7.0,0.913613788132537,-0.27240900794900247,1.4969664036992667,UNSTABLE
7.25,0.6222403831424472,-0.45068976190628407,1.335680570986656,UNSTABLE
7.5,0.63325831100808,-0.5622286254364413,1.1734556923411597,UNSTABLE
7.75,0.7062093146051975,-0.5646544465508907,1.1304551847562736,UNSTABLE
8.0,0.7044684558949804,-0.7287259943143884,1.2972497126385678,UNSTABLE
8.25,0.657554312986917,-0.6487359813166143,1.4538770171030975,UNSTABLE
8.5,0.6521881339744187,-0.5651948393950249,1.5571511518372927,UNSTABLE
8.75,0.6137104502454982,-0.5130354453853886,1.7305753598177767,UNSTABLE
9.0,0.5745715991301377,-0.5311560023372227,1.8204897761292396,UNSTABLE
9.25,0.5779298333533601,-0.4716576033891447,1.8370177489582467,UNSTABLE
9.5,0.671499179275431,-0.3614538719937479,1.9628502728527202,UNSTABLE
9.75,0.6757933118881642,-0.3656565718647292,2.040754167461001,UNSTABLE
10.0,0.5904680118655106,-0.37765711611289454,2.049780559798778,UNSTABLE
10.25,0.46861830113272185,-0.3120700102962073,2.055990640226354,UNSTABLE
10.5,0.49393388810947947,-0.3023334065728431,2.1256663675272285,UNSTABLE
10.75,0.4895118178618203,-0.3160865883444992,2.0883286670277585,UNSTABLE
11.0,0.45178972910298343,-0.38370775965101134,1.9977770220557436,UNSTABLE
11.25,0.4022516953157378,-0.37785809644341417,1.9158482372991097,UNSTABLE
11.5,0.3810490067910088,-0.4352729268512133,1.804637133643367,UNSTABLE
11.75,0.4251784274015379,-0.4166260103767743,1.7065126214277635,UNSTABLE
12.0,0.8186627109390977,-0.38275017710824727,1.788305949993755,UNSTABLE
12.25,1.0318031987588465,-0.39527785441725055,1.8305730710699784,UNSTABLE
12.5,1.11216354277237,-0.43408256762023123,1.8685739389416123,UNSTABLE
12.75,1.072339011294698,-0.4874600216367062,1.9044626121310568,UNSTABLE
13.0,0.901504935929755,-0.5733722508543353,1.8915164251507204,UNSTABLE
13.25,0.4627544483792273,-0.6475935549152285,1.8036346922839754,UNSTABLE
13.5,0.39784757925602304,-0.6765314476035158,1.6850746091324742,UNSTABLE
13.75,0.4012353397155999,-0.6824571377477181,1.599906757163601,UNSTABLE
14.0,0.5433485348092375,-0.8319198792006363,1.5513058773087518,UNSTABLE
14.25,0.5700799325305699,-0.8562377305182661,1.497969778346982,UNSTABLE
14.5,0.5011909022674624,-0.6899570812055754,1.3875622103132588,UNSTABLE
14.75,0.624401060994503,-0.47270945704325973,1.5560866806092721,UNSTABLE
15.0,0.6407676526299172,-0.495188802613412,1.8044776007025507,UNSTABLE
15.25,0.5566161330859141,-0.5205685653344547,1.959943259207628,UNSTABLE
15.5,0.3803491809918651,-0.5337769099033514,2.0191096313173453,UNSTABLE
15.75,0.5256706624050711,-0.5698994198633489,1.9895130491554827,UNSTABLE
16.0,0.5885858186980694,-0.7053725875290637,1.8992485925446743,UNSTABLE
16.25,0.5869283471277077,-0.7857823014268329,1.8726745215442984,UNSTABLE
16.5,0.5670206465658975,-0.7935800238735198,1.9447354932403977,UNSTABLE
16.75,0.5257205629591097,-0.7488014231956484,1.9582650143400226,UNSTABLE
17.0,0.43905789718313615,-0.6548581868290541,1.915566833071565,UNSTABLE
17.25,0.3995353328418375,-0.5030198967902588,1.8100671358903433,UNSTABLE
17.5,0.4482016077183874,-0.6448499458816196,1.690745478277498,UNSTABLE
17.75,0.46688244738161927,-0.7507143854042689,1.5797569576602442,UNSTABLE
18.0,0.4575899274201266,-0.7289875148407488,1.5326561131052288,UNSTABLE
18.25,0.5634523691779565,-0.630138127978094,1.4732070515228772,UNSTABLE
18.5,0.7028483223036553,-0.45295734334272697,1.4036039741059467,UNSTABLE
18.75,0.815079293184271,-0.5404884098489086,1.3236748374499332,UNSTABLE
19.0,0.8325767593910425,-0.5959557197905501,1.263410309972351,UNSTABLE
19.25,0.781861355978309,-0.6345504500837247,1.3146631690666406,UNSTABLE
19.5,0.7027622955101009,-0.6623056374765828,1.3576346152481407,UNSTABLE
19.75,0.6250502831786515,-0.67512000641193,1.393651931885077,UNSTABLE
20.0,0.5652129094067093,-0.7248028363297744,1.4160234081585843,UNSTABLE
20.25,0.5212844714473361,-0.9733475425602451,1.415082946678191,UNSTABLE
20.5,0.4725026313261335,-1.1223170608199964,1.3990744101419617,UNSTABLE
20.75,0.39576698164429813,-1.2060034585803319,1.3866050083136168,UNSTABLE
21.0,0.292531834232545,-1.2119643895815826,1.3964205520187087,UNSTABLE
21.25,0.35553425432579616,-1.153990825217539,1.445993391764532,UNSTABLE
21.5,0.41598732956294066,-1.063495534080081,1.4544726255757434,UNSTABLE
21.75,0.4154072345122033,-0.9671038199790146,1.425250540187471,UNSTABLE
22.0,0.36265101463565463,-0.8792154254379709,1.3879160843287146,UNSTABLE
22.25,0.27840563930193657,-0.800657550214509,1.3831619015071805,UNSTABLE
22.5,0.2354719842483277,-0.7207706404304856,1.423188331271512,UNSTABLE
22.75,0.40225804759939693,-0.6237051982977394,1.4712827739018037,UNSTABLE
23.0,0.5256092384597554,-0.49058779413735415,1.5376263677624364,UNSTABLE
23.25,0.5360938683910978,-0.3911715966600857,1.67071316762099,UNSTABLE
23.5,0.4764253858917842,-0.4231179096606269,1.8277140032079797,UNSTABLE
23.75,0.3615724513183717,-0.4400154631158634,1.97994986403872,UNSTABLE
24.0,0.3529044232261004,-0.43814089494252595,2.1175948975601697,UNSTABLE
24.25,0.36718082984569217,-0.40867200193316733,2.231914546180065,UNSTABLE
24.5,0.3725940094250131,-0.3833767651165544,2.3276268807546017,UNSTABLE
24.75,0.39244156349589254,-0.3597379287544291,2.4145051056911297,UNSTABLE
25.0,0.4037978988446562,-0.29283597888777824,2.4878182885044033,UNSTABLE
25.25,0.46263540461062763,-0.21548069080425716,2.5249078060706984,UNSTABLE
25.5,0.639775375546358,-0.1300889283658322,2.5014392069095734,UNSTABLE
25.75,0.6988472639015413,-0.20443591242794368,2.413235466982304,UNSTABLE
26.0,0.6939115943807713,-0.28180787518111067,2.3000790525816397,UNSTABLE
26.25,0.6816597973959477,-0.3584428817983311,2.2417875907724336,UNSTABLE
26.5,0.6846512992267506,-0.4005312599687372,2.2524858583073333,UNSTABLE
26.75,0.6868559083344599,-0.37495568096494203,2.2763656881162273,UNSTABLE
27.0,0.6698964880195886,-0.14879544478387371,2.2792810025220276,UNSTABLE
27.25,0.586303123426825,-0.3161414571266034,2.267175382166394,UNSTABLE
27.5,0.7173776694186058,-0.3890082979227501,2.266389758065964,UNSTABLE
27.75,0.9762554531790028,-0.45538318800988054,2.2890047105347207,UNSTABLE
28.0,1.101624593452327,-0.5170061672273534,2.3274617457396727,UNSTABLE
28.25,1.1807103341607579,-0.5542183242279435,2.369038454335257,UNSTABLE
28.5,1.2823059242119186,-0.5664384532632512,2.4010939895187264,UNSTABLE
28.75,1.4157453937686297,-0.5928543478490782,2.417076754721725,UNSTABLE
29.0,1.5388911088645232,-0.5861760983386609,2.416358526973228,UNSTABLE
29.25,1.6088032269820531,-0.6092022755126623,2.4038847101859955,UNSTABLE
29.5,1.5848282388347645,-0.6374367901506532,2.4036919948937174,UNSTABLE
29.75,1.4729693878031054,-0.6795503573255632,2.4396266595289955,UNSTABLE
